{
  "config": {
    "target_model": "Qwen/Qwen3-4B",
    "draft_model": "z-lab/Qwen3-4B-DFlash-b16",
    "dataset": "gsm8k",
    "block_size": 16,
    "max_new_tokens": 64,
    "max_model_len": 2048,
    "temperature": 0.0,
    "warmup_samples": 1,
    "measured_samples": 1,
    "total_samples": 2,
    "num_devices": 1
  },
  "summary": {
    "baseline_tpot_ms": 10.689749280572869,
    "baseline_tps": 93.54756353522349,
    "dflash_tpot_ms": 7.816551375071867,
    "dflash_tps": 127.9336566748793,
    "speedup": 1.3675787144013474,
    "tau": 4.235294117647059,
    "total_drafts": 17,
    "acceptance_rate_per_pos": [
      1.0,
      0.8823529411764706,
      0.5882352941176471,
      0.5294117647058824,
      0.23529411764705882,
      0.23529411764705882,
      0.17647058823529413,
      0.11764705882352941,
      0.058823529411764705,
      0.058823529411764705,
      0.058823529411764705,
      0.058823529411764705,
      0.058823529411764705,
      0.058823529411764705,
      0.058823529411764705,
      0.058823529411764705
    ],
    "acceptance_histogram": [
      0.0,
      0.11764705882352941,
      0.29411764705882354,
      0.058823529411764705,
      0.29411764705882354,
      0.0,
      0.058823529411764705,
      0.058823529411764705,
      0.058823529411764705,
      0.0,
      0.0,
      0.0,
      0.0,
      0.0,
      0.0,
      0.0,
      0.058823529411764705
    ]
  },
  "quality": {
    "total_samples": 2,
    "exact_matches": 2,
    "match_rate": 1.0,
    "answer_matches": 0,
    "answer_total": 0
  },
  "per_sample": [
    {
      "sample_index": 0,
      "is_warmup": true,
      "num_input_tokens": 66,
      "baseline_num_output_tokens": 64,
      "baseline_tpot_ms": 67.90442221972626,
      "baseline_tps": 14.72658138175719,
      "dflash_num_output_tokens": 64,
      "dflash_tpot_ms": 82.79102403139404,
      "dflash_tps": 12.078604072112984,
      "tau": 8.125,
      "num_drafts": 8,
      "acceptance_lengths": [
        5,
        5,
        2,
        16,
        16,
        16,
        3,
        2
      ],
      "baseline_text": "We are given:\n\n- Darrell and Allen's **ages are in the ratio 7:11**.\n- Their **total age now is 162**.\n- We are to find **Allen's age 10 years from now**.\n\n---\n\n### Step 1: Let the ages be in",
      "dflash_text": "We are given:\n\n- Darrell and Allen's **ages are in the ratio 7:11**.\n- Their **total age now is 162**.\n- We are to find **Allen's age 10 years from now**.\n\n---\n\n### Step 1: Let the ages be in",
      "prompt_text": "user\nDarrell and Allen's ages are in the ratio of 7:11. If their total age now is 162, calculate Allen's age 10 years from now.\nPlease reason step by step, and put your final answer within \\boxed{}.\nassistant\n<think>\n\n</think>\n\n",
      "baseline_token_timestamps_ms": [
        0.0,
        3669.08,
        3680.269,
        3691.245,
        3702.186,
        3713.171,
        3724.107,
        3735.109,
        3745.974,
        3756.952,
        3767.889,
        3778.617,
        3789.395,
        3800.129,
        3810.931,
        3821.854,
        3832.741,
        3843.501,
        3854.357,
        3865.165,
        3876.023,
        3886.822,
        3897.795,
        3908.638,
        3919.48,
        3930.41,
        3941.437,
        3952.32,
        3963.043,
        3973.96,
        3984.969,
        3995.9,
        4006.86,
        4017.658,
        4028.588,
        4039.433,
        4050.188,
        4061.063,
        4071.703,
        4082.528,
        4093.402,
        4104.245,
        4115.121,
        4126.168,
        4137.034,
        4147.889,
        4158.73,
        4169.799,
        4180.82,
        4191.804,
        4202.818,
        4213.807,
        4224.875,
        4235.947,
        4246.886,
        4257.798,
        4268.803,
        4279.882,
        4290.934,
        4301.953,
        4312.976,
        4323.992,
        4334.843,
        4345.865
      ],
      "dflash_step_timestamps_ms": [
        {
          "ms": 4126.802,
          "tokens": 5
        },
        {
          "ms": 5110.386,
          "tokens": 5
        },
        {
          "ms": 5127.218,
          "tokens": 2
        },
        {
          "ms": 5188.25,
          "tokens": 16
        },
        {
          "ms": 5204.557,
          "tokens": 16
        },
        {
          "ms": 5220.685,
          "tokens": 16
        },
        {
          "ms": 5236.856,
          "tokens": 3
        },
        {
          "ms": 5297.661,
          "tokens": 2
        }
      ],
      "quality_match": true,
      "quality_mismatches": [],
      "baseline_answer": null,
      "dflash_answer": null,
      "answer_match": true
    },
    {
      "sample_index": 1,
      "is_warmup": false,
      "num_input_tokens": 132,
      "baseline_num_output_tokens": 64,
      "baseline_tpot_ms": 10.689749280572869,
      "baseline_tps": 93.54756353522349,
      "dflash_num_output_tokens": 64,
      "dflash_tpot_ms": 7.816551375071867,
      "dflash_tps": 127.9336566748793,
      "tau": 4.235294117647059,
      "num_drafts": 17,
      "acceptance_lengths": [
        4,
        2,
        2,
        3,
        6,
        2,
        4,
        4,
        2,
        1,
        1,
        7,
        8,
        4,
        2,
        4,
        16
      ],
      "baseline_text": "We are given a trading system involving **stickers** and **buttons**, and we need to determine how many **buttons** Lorraine ends up with after a series of trades.\n\n---\n\n### **Step 1: Understand the exchange rates**\n\n- **Large sticker** = **1 large button** or **3 small buttons",
      "dflash_text": "We are given a trading system involving **stickers** and **buttons**, and we need to determine how many **buttons** Lorraine ends up with after a series of trades.\n\n---\n\n### **Step 1: Understand the exchange rates**\n\n- **Large sticker** = **1 large button** or **3 small buttons",
      "prompt_text": "user\nLorraine and Colleen are trading stickers for buttons. Each large sticker is worth a large button or three small buttons. A small sticker is worth one small button. A large button is worth three small stickers. Lorraine starts with 30 small stickers and 40 large stickers. She trades 90% of her small stickers for large buttons. She trades 50% of her large stickers for large buttons and trades the rest of them for small buttons. How many buttons does she have by the end?\nPlease reason step by step, and put your final answer within \\boxed{}.\nassistant\n<think>\n\n</think>\n\n",
      "baseline_token_timestamps_ms": [
        0.0,
        11.183,
        22.161,
        32.926,
        43.705,
        54.578,
        65.292,
        76.034,
        86.826,
        97.64,
        108.406,
        119.215,
        130.009,
        140.794,
        151.521,
        162.39,
        173.277,
        184.066,
        194.837,
        205.614,
        216.527,
        227.326,
        238.11,
        248.913,
        259.705,
        270.703,
        281.696,
        292.59,
        303.46,
        314.348,
        325.181,
        336.05,
        346.89,
        357.681,
        368.508,
        379.342,
        390.278,
        401.081,
        411.874,
        422.718,
        433.721,
        444.448,
        455.319,
        466.168,
        477.088,
        487.979,
        498.923,
        509.648,
        520.622,
        531.36,
        542.24,
        553.215,
        564.116,
        574.929,
        585.806,
        596.63,
        607.559,
        618.468,
        629.722,
        640.614,
        651.402,
        662.367,
        673.306,
        684.135
      ],
      "dflash_step_timestamps_ms": [
        {
          "ms": 11.213,
          "tokens": 4
        },
        {
          "ms": 73.152,
          "tokens": 2
        },
        {
          "ms": 89.687,
          "tokens": 2
        },
        {
          "ms": 106.032,