{
  "config": {
    "target_model": "Qwen/Qwen3-4B",
    "draft_model": "z-lab/Qwen3-4B-DFlash-b16",
    "dataset": "math500",
    "block_size": 16,
    "max_new_tokens": 256,
    "max_model_len": 2048,
    "temperature": 0.0,
    "warmup_samples": 1,
    "measured_samples": 7,
    "total_samples": 8,
    "num_devices": 1
  },
  "summary": {
    "baseline_tpot_ms": 10.734293509588168,
    "baseline_tps": 93.15936806709938,
    "dflash_tpot_ms": 1.881603001997113,
    "dflash_tps": 531.461737113839,
    "speedup": 5.704866275295535,
    "tau": 8.724489795918368,
    "total_drafts": 196,
    "acceptance_rate_per_pos": [
      1.0,
      0.9540816326530612,
      0.8316326530612245,
      0.7448979591836735,
      0.673469387755102,
      0.6224489795918368,
      0.5867346938775511,
      0.5204081632653061,
      0.49489795918367346,
      0.45408163265306123,
      0.3877551020408163,
      0.3622448979591837,
      0.32142857142857145,
      0.2857142857142857,
      0.27040816326530615,
      0.21428571428571427
    ],
    "acceptance_histogram": [
      0.0,
      0.04591836734693878,
      0.12244897959183673,
      0.08673469387755102,
      0.07142857142857142,
      0.05102040816326531,
      0.03571428571428571,
      0.0663265306122449,
      0.025510204081632654,
      0.04081632653061224,
      0.0663265306122449,
      0.025510204081632654,
      0.04081632653061224,
      0.03571428571428571,
      0.015306122448979591,
      0.05612244897959184,
      0.21428571428571427
    ]
  },
  "per_sample": [
    {
      "sample_index": 0,
      "is_warmup": true,
      "num_input_tokens": 259,
      "baseline_num_output_tokens": 256,
      "baseline_tpot_ms": 25.561237074271048,
      "baseline_tps": 39.12173722634736,
      "dflash_num_output_tokens": 256,
      "dflash_tpot_ms": 26.647532593869983,
      "dflash_tps": 37.526926610460016,
      "tau": 4.266666666666667,
      "num_drafts": 60,
      "acceptance_lengths": [
        10,
        5,
        4,
        9,
        5,
        2,
        2,
        2,
        2,
        1,
        4,
        14,
        13,
        4,
        2,
        2,
        2,
        4,
        2,
        4,
        2,
        3,
        2,
        9,
        9,
        9,
        4,
        2,
        7,
        11,
        3,
        8,
        6,
        2,
        6,
        5,
        3,
        4,
        3,
        3,
        3,
        6,
        4,
        4,
        3,
        4,
        2,
        1,
        2,
        6,
        3,
        1,
        5,
        1,
        4,
        2,
        1,
        4,
        3,
        3
      ]
    },
    {
      "sample_index": 1,
      "is_warmup": false,
      "num_input_tokens": 74,
      "baseline_num_output_tokens": 256,
      "baseline_tpot_ms": 10.754037851256726,
      "baseline_tps": 92.98832808954073,
      "dflash_num_output_tokens": 256,
      "dflash_tpot_ms": 2.039760507614119,
      "dflash_tps": 490.25363333938003,
      "tau": 9.310344827586206,
      "num_drafts": 29,
      "acceptance_lengths": [
        3,
        2,
        4,
        16,
        15,
        13,
        7,
        12,
        9,
        15,
        9,
        3,
        16,
        16,
        6,
        3,
        16,
        16,
        12,
        15,
        12,
        1,
        4,
        10,
        3,
        7,
        4,
        5,
        16
      ]
    },
    {
      "sample_index": 2,
      "is_warmup": false,
      "num_input_tokens": 61,
      "baseline_num_output_tokens": 256,
      "baseline_tpot_ms": 10.730849296578526,
      "baseline_tps": 93.18926884182827,
      "dflash_num_output_tokens": 256,
      "dflash_tpot_ms": 2.201891312324733,
      "dflash_tps": 454.15502318514115,
      "tau": 7.371428571428571,
      "num_drafts": 35,
      "acceptance_lengths": [
        6,
        7,
        7,
        11,
        3,
        4,
        2,
        16,
        16,
        2,
        1,
        2,
        15,
        7,
        11,
        16,
        10,
        4,
        16,
        8,
        3,
        16,
        15,
        16,
        1,
        4,
        4,
        4,
        2,
        1,
        2,
        3,
        16,
        4,
        3
      ]
    },
    {
      "sample_index": 3,
      "is_warmup": false,
      "num_input_tokens": 71,
      "baseline_num_output_tokens": 256,
      "baseline_tpot_ms": 10.849801355561794,
      "baseline_tps": 92.1675860440876,
      "dflash_num_output_tokens": 256,
      "dflash_tpot_ms": 1.683538437646348,
      "dflash_tps": 593.9870320977279,
      "tau": 9.518518518518519,
      "num_drafts": 27,
      "acceptance_lengths": [
        16,
        16,
        10,
        8,
        11,
        5,
        6,
        2,
        16,
        5,
        15,
        16,
        7,
        7,
        16,
        16,
        14,
        15,
        2,
        5,
        16,
        16,
        9,
        2,
        3,
        1,
        2
      ]
    },
    {
      "sample_index": 4,
      "is_warmup": false,
      "num_input_tokens": 138,
      "baseline_num_output_tokens": 256,
      "baseline_tpot_ms": 10.635167902364628,
      "baseline_tps": 94.02766455409318,
      "dflash_num_output_tokens": 256,
      "dflash_tpot_ms": 2.0684194137174927,
      "dflash_tps": 483.4609428668712,
      "tau": 7.848484848484849,
      "num_drafts": 33,
      "acceptance_lengths": [
        3,
        15,
        6,
        16,
        1,
        2,
        2,
        2,
        12,
        2,
        5,
        6,
        10,
        7,
        6,
        7,
        8,
        1,
        2,
        5,
        4,
        4,
        8,
        15,
        13,
        14,
        9,
        10,
        9,
        16,
        13,
        16,
        10
      ]
    },
    {
      "sample_index": 5,
      "is_warmup": false,
      "num_input_tokens": 97,
      "baseline_num_output_tokens": 256,
      "baseline_tpot_ms": 10.713605429373274,
      "baseline_tps": 93.33925974708013,
      "dflash_num_output_tokens": 256,
      "dflash_tpot_ms": 2.365185323924379,
      "dflash_tps": 422.79984992498305,
      "tau": 6.842105263157895,
      "num_drafts": 38,
      "acceptance_lengths": [
        5,
        16,
        16,
        10,
        13,
        5,
        2,
        3,
        4,
        2,
        7,
        4,
        8,
        10,
        10,
        16,
        16,
        3,
        5,
        2,
        4,
        12,
        16,
        10,
        6,
        13,
        7,
        2,
        2,
        7,
        2,
        2,
        1,
        2,
        3,
        2,
        1,
        11
      ]
    },
    {
      "sample_index": 6,
      "is_warmup": false,
      "num_input_tokens": 64,
      "baseline_num_output_tokens": 149,
      "baseline_tpot_ms": 10.646723087364494,
      "baseline_tps": 93.9256137117718,
      "dflash_num_output_tokens": 148,
      "dflash_tpot_ms": 1.5263121553092591,
      "dflash_tps": 655.1739737651382,
      "tau": 10.5,
      "num_drafts": 14,
      "acceptance_lengths": [
        9,
        15,
        16,
        16,
        3,
        3,
        10,
        13,
        3,
        14,
        5,
        16,
        11,
        13
      ]
    },
    {
      "sample_index": 7,
      "is_warmup": false,
      "num_input_tokens": 100,
      "baseline_num_output_tokens": 256,
      "baseline_tpot_ms": 10.80986964461772,
      "baseline_tps": 92.50805355436495,
      "dflash_num_output_tokens": 256,
      "dflash_tpot_ms": 1.286113863443461,
      "dflash_tps": 777.536133015925,
      "tau": 12.95,
      "num_drafts": 20,
      "acceptance_lengths": [
        16,
        16,
        16,
        16,
        16,
        12,
        10,
        12,
        3,
        9,
        16,
        16,
        7,
        12,
        9,
        10,
        15,
        16,
        16,
        16
      ]
    }
  ]
}