{
  "config": {
    "target_model": "Qwen/Qwen3-4B",
    "draft_model": "z-lab/Qwen3-4B-DFlash-b16",
    "dataset": "gsm8k",
    "block_size": 16,
    "max_new_tokens": 256,
    "warmup": 1,
    "num_samples": 4
  },
  "baseline_tpot_ms": 10.709901254068587,
  "unfused": {
    "tau": 6.175438596491228,
    "avg_tpot_ms": 2.753471723530517,
    "tps": 363.1778715772662,
    "avg_step_ms": 17.188986771527613,
    "median_step_ms": 16.21243800036609,
    "total_steps": 114
  },
  "fused": {
    "tau": 5.889763779527559,
    "avg_tpot_ms": 2.7940868520153357,
    "tps": 357.89868138090054,
    "avg_step_ms": 16.396612291935625,
    "median_step_ms": 16.314537962898612,
    "total_steps": 127
  }
}