{
  "datasets": {
    "GSM8K": {
      "speedup": 0.5918854958213524,
      "tau": null
    },
    "Math500": {
      "speedup": 0.4809340184583496,
      "tau": null
    },
    "AIME24": {
      "speedup": 0.5969844950748426,
      "tau": null
    },
    "AIME25": {
      "speedup": 0.5860247186594174,
      "tau": null
    },
    "Humaneval": {
      "speedup": 0.7311965231520361,
      "tau": null
    },
    "MBPP": {
      "speedup": 0.7158859671774295,
      "tau": null
    },
    "LiveCodeBench": {
      "speedup": 0.7263846499601215,
      "tau": null
    },
    "SWE-Bench": {
      "speedup": 0.7256969277079075,
      "tau": null
    },
    "MT-Bench": {
      "speedup": 0.7289477621789464,
      "tau": null
    },
    "Alpaca": {
      "speedup": 0.7449571193170487,
      "tau": null
    }
  },
  "average": {
    "speedup": 0.6628897677507452,
    "tau": null
  }
}