{
  "config": {
    "target_model": "Qwen/Qwen3-4B",
    "draft_model": "z-lab/Qwen3-4B-DFlash-b16",
    "dataset": "gsm8k",
    "block_size": 16,
    "max_new_tokens": 256,
    "max_model_len": 4096,
    "temperature": 0.0,
    "warmup_samples": 1,
    "measured_samples": 2,
    "total_samples": 3,
    "num_devices": 1
  },
  "summary": {
    "baseline_tpot_ms": 6.726307146741107,
    "baseline_tps": 148.66998758516397,
    "dflash_tpot_ms": 2.315632918179357,
    "dflash_tps": 431.84737621809245,
    "speedup": 2.9047380929571505,
    "tau": 5.518518518518518,
    "total_drafts": 81,
    "acceptance_rate_per_pos": [
      1.0,
      0.8641975308641975,
      0.7407407407407407,
      0.6296296296296297,
      0.4691358024691358,
      0.38271604938271603,
      0.32098765432098764,
      0.25925925925925924,
      0.19753086419753085,
      0.1728395061728395,
      0.13580246913580246,
      0.12345679012345678,
      0.07407407407407407,
      0.06172839506172839,
      0.04938271604938271,
      0.037037037037037035
    ],
    "acceptance_histogram": [
      0.0,
      0.13580246913580246,
      0.12345679012345678,
      0.1111111111111111,
      0.16049382716049382,
      0.08641975308641975,
      0.06172839506172839,
      0.06172839506172839,
      0.06172839506172839,
      0.024691358024691357,
      0.037037037037037035,
      0.012345679012345678,
      0.04938271604938271,
      0.012345679012345678,
      0.012345679012345678,
      0.012345679012345678,
      0.037037037037037035
    ]
  },
  "quality": {
    "total_samples": 3,
    "exact_matches": 3,
    "match_rate": 1.0,
    "answer_matches": 1,
    "answer_total": 1
  },
  "per_sample": [
    {
      "sample_index": 0,
      "is_warmup": true,
      "num_input_tokens": 66,
      "baseline_num_output_tokens": 256,
      "baseline_tpot_ms": 48.68631375370569,
      "baseline_tps": 20.539653198202675,
      "dflash_num_output_tokens": 256,
      "dflash_tpot_ms": 62.48108011732256,
      "dflash_tps": 16.004844956621596,
      "tau": 8.34375,
      "num_drafts": 32,
      "acceptance_lengths": [
        5,
        5,
        2,
        16,
        16,
        16,
        3,
        2,
        6,
        2,
        3,
        7,
        15,
        2,
        1,
        16,
        2,
        8,
        3,
        9,
        16,
        15,
        11,
        10,
        4,
        16,
        16,
        11,
        9,
        1,
        5,
        14
      ],
      "baseline_text": "We are given:\n\n- Darrell and Allen's **ages are in the ratio 7:11**.\n- Their **total age now is 162**.\n- We are to find **Allen's age 10 years from now**.\n\n---\n\n### Step 1: Let the ages be in the ratio 7:11\n\nLet Darrell's current age be $ 7x $, and Allen's current age be $ 11x $.\n\nThen, their **total age** is:\n\n$$\n7x + 11x = 18x\n$$\n\nWe are told that their total age is 162:\n\n$$\n18x = 162\n$$\n\n---\n\n### Step 2: Solve for $ x $\n\n$$\nx = \\frac{162}{18} = 9\n$$\n\n---\n\n### Step 3: Find Allen's current age\n\n$$\n\\text{Allen's current age} = 11x = 11 \\times 9 = 99\n$$\n\n---\n\n### Step 4: Find Allen's age 10 years from now\n\n$$\n\\text{Allen's age in 10 years} = ",
      "dflash_text": "We are given:\n\n- Darrell and Allen's **ages are in the ratio 7:11**.\n- Their **total age now is 162**.\n- We are to find **Allen's age 10 years from now**.\n\n---\n\n### Step 1: Let the ages be in the ratio 7:11\n\nLet Darrell's current age be $ 7x $, and Allen's current age be $ 11x $.\n\nThen, their **total age** is:\n\n$$\n7x + 11x = 18x\n$$\n\nWe are told that their total age is 162:\n\n$$\n18x = 162\n$$\n\n---\n\n### Step 2: Solve for $ x $\n\n$$\nx = \\frac{162}{18} = 9\n$$\n\n---\n\n### Step 3: Find Allen's current age\n\n$$\n\\text{Allen's current age} = 11x = 11 \\times 9 = 99\n$$\n\n---\n\n### Step 4: Find Allen's age 10 years from now\n\n$$\n\\text{Allen's age in 10 years} = ",
      "prompt_text": "user\nDarrell and Allen's ages are in the ratio of 7:11. If their total age now is 162, calculate Allen's age 10 years from now.\nPlease reason step by step, and put your final answer within \\boxed{}.\nassistant\n<think>\n\n</think>\n\n",
      "quality_match": true,
      "quality_mismatches": [],
      "baseline_answer": null,
      "dflash_answer": null,
      "answer_match": true
    },
    {
      "sample_index": 1,
      "is_warmup": false,
      "num_input_tokens": 132,
      "baseline_num_output_tokens": 256,
      "baseline_tpot_ms": 6.715841023378744,
      "baseline_tps": 148.90167836297283,
      "dflash_num_output_tokens": 256,
      "dflash_tpot_ms": 2.549169550775332,
      "dflash_tps": 392.284616649312,
      "tau": 5.03921568627451,
      "num_drafts": 51,
      "acceptance_lengths": [
        4,
        2,
        2,
        5,
        6,
        4,
        4,
        2,
        1,
        1,
        7,
        8,
        4,
        2,
        4,
        12,
        16,
        5,
        3,
        3,
        1,
        3,
        9,
        1,
        6,
        16,
        12,
        8,
        1,
        1,
        12,
        5,
        10,
        2,
        3,
        1,
        4,
        10,
        8,
        4,
        2,
        5,
        4,
        2,
        4,
        5,
        7,
        8,
        2,
        4,
        2
      ],
      "baseline_text": "We are given a trading system between **stickers** and **buttons**, and we need to calculate how many **buttons** Lorraine ends up with after a series of trades.\n\n---\n\n### **Step 1: Understand the exchange rates**\n\n- **Large sticker** = **1 large button** or **3 small buttons**\n- **Small sticker** = **1 small button**\n- **Large button** = **3 small stickers**\n\nSo, we can convert between stickers and buttons using these exchange rates.\n\n---\n\n### **Step 2: Initial holdings**\n\nLorraine starts with:\n\n- **30 small stickers**\n- **40 large stickers**\n\n---\n\n### **Step 3: Trade 90% of her small stickers for large buttons**\n\n- She has 30 small stickers.\n- 90% of 30 = 0.9 \u00d7 30 = **27 small stickers**\n- Each small sticker = 1 small button\n- So, 27 small stickers = 27 small buttons\n- But she trades them for **large buttons**:\n  - 1 small sticker = 1 small button\n  - 1 large button = 3 small stickers\n  - So, 1 small sticker = 1/",
      "dflash_text": "We are given a trading system between **stickers** and **buttons**, and we need to calculate how many **buttons** Lorraine ends up with after a series of trades.\n\n---\n\n### **Step 1: Understand the exchange rates**\n\n- **Large sticker** = **1 large button** or **3 small buttons**\n- **Small sticker** = **1 small button**\n- **Large button** = **3 small stickers**\n\nSo, we can convert between stickers and buttons using these exchange rates.\n\n---\n\n### **Step 2: Initial holdings**\n\nLorraine starts with:\n\n- **30 small stickers**\n- **40 large stickers**\n\n---\n\n### **Step 3: Trade 90% of her small stickers for large buttons**\n\n- She has 30 small stickers.\n- 90% of 30 = 0.9 \u00d7 30 = **27 small stickers**\n- Each small sticker = 1 small button\n- So, 27 small stickers = 27 small buttons\n- But she trades them for **large buttons**:\n  - 1 small sticker = 1 small button\n  - 1 large button = 3 small stickers\n  - So, 1 small sticker = 1/",
      "prompt_text": "user\nLorraine and Colleen are trading stickers for buttons. Each large sticker is worth a large button or three small buttons. A small sticker is worth one small button. A large button is worth three small stickers. Lorraine starts with 30 small stickers and 40 large stickers. She trades 90% of her small stickers for large buttons. She trades 50% of her large stickers for large buttons and trades the rest of them for small buttons. How many buttons does she have by the end?\nPlease reason step by step, and put your final answer within \\boxed{}.\nassistant\n<think>\n\n</think>\n\n",
      "quality_match": true,
      "quality_mismatches": [],