{
  "config": {
    "target_model": "Qwen/Qwen3-4B",
    "draft_model": "z-lab/Qwen3-4B-DFlash-b16",
    "dataset": "math500",
    "block_size": 16,
    "max_new_tokens": 256,
    "max_model_len": 4096,
    "temperature": 0.0,
    "warmup_samples": 1,
    "measured_samples": 2,
    "total_samples": 3,
    "num_devices": 1
  },
  "summary": {
    "baseline_tpot_ms": 6.756984536991695,
    "baseline_tps": 147.99501086992484,
    "dflash_tpot_ms": 1.5604440839069866,
    "dflash_tps": 640.8432127194421,
    "speedup": 4.33016767898135,
    "tau": 8.396825396825397,
    "total_drafts": 63,
    "acceptance_rate_per_pos": [
      1.0,
      0.9365079365079365,
      0.8412698412698413,
      0.746031746031746,
      0.6349206349206349,
      0.5873015873015873,
      0.5396825396825397,
      0.4444444444444444,
      0.4126984126984127,
      0.4126984126984127,
      0.38095238095238093,
      0.3333333333333333,
      0.31746031746031744,
      0.31746031746031744,
      0.2698412698412698,
      0.2222222222222222
    ],
    "acceptance_histogram": [
      0.0,
      0.06349206349206349,
      0.09523809523809523,
      0.09523809523809523,
      0.1111111111111111,
      0.047619047619047616,
      0.047619047619047616,
      0.09523809523809523,
      0.031746031746031744,
      0.0,
      0.031746031746031744,
      0.047619047619047616,
      0.015873015873015872,
      0.0,
      0.047619047619047616,
      0.047619047619047616,
      0.2222222222222222
    ]
  },
  "quality": {
    "total_samples": 3,
    "exact_matches": 2,
    "match_rate": 0.6666666666666666,
    "answer_matches": 0,
    "answer_total": 0
  },
  "per_sample": [
    {
      "sample_index": 0,
      "is_warmup": true,
      "num_input_tokens": 259,
      "baseline_num_output_tokens": 256,
      "baseline_tpot_ms": 48.016915929565585,
      "baseline_tps": 20.825993936529926,
      "dflash_num_output_tokens": 256,
      "dflash_tpot_ms": 63.46206500779772,
      "dflash_tps": 15.757445016595787,
      "tau": 4.448275862068965,
      "num_drafts": 58,
      "acceptance_lengths": [
        10,
        5,
        4,
        9,
        5,
        2,
        2,
        2,
        2,
        1,
        4,
        14,
        13,
        4,
        2,
        2,
        2,
        4,
        2,
        4,
        2,
        3,
        2,
        9,
        9,
        9,
        4,
        2,
        7,
        11,
        3,
        8,
        6,
        3,
        10,
        3,
        4,
        2,
        5,
        1,
        5,
        7,
        5,
        3,
        3,
        4,
        2,
        6,
        3,
        1,
        5,
        1,
        4,
        2,
        1,
        4,
        3,
        3
      ],
      "baseline_text": "We are given a **magic square** of size 4x4, where the sum of the numbers in each row, column, and the two main diagonals is the same. We are also given some expressions in terms of a variable $ n $, and we are to find the value of $ n $.\n\n---\n\n### Step 1: Understand the structure of the square\n\nFrom the Asymptote code, we can reconstruct the 4x4 magic square as follows:\n\n| Row 1 | Row 2 | Row 3 | Row 4 |\n|-------|-------|-------|-------|\n| $ n-3 $ | 3 | $ n+1 $ | 2 |\n| $ n+2 $ | $ 2n-9 $ | 1 | $ n-1 $ |\n| 2 | $ n $ | $ n-1 $ | $ n-3 $ |\n| $ n-1 $ | $ n+2 $ | $ 2n-9 $ | 3 |\n\nWait \u2014 actually, the Asymptote code labels the square in a specific way. Let's reconstruct the square **correctly** based on the Asymptote code.\n\nThe Asymptote code labels the square",
      "dflash_text": "We are given a **magic square** of size 4x4, where the sum of the numbers in each row, column, and the two main diagonals is the same. We are also given some expressions in terms of a variable $ n $, and we are to find the value of $ n $.\n\n---\n\n### Step 1: Understand the structure of the square\n\nFrom the Asymptote code, we can reconstruct the 4x4 magic square as follows:\n\n| Row 1 | Row 2 | Row 3 | Row 4 |\n|-------|-------|-------|-------|\n| $ n-3 $ | 3 | $ n+1 $ | 2 |\n| $ n+2 $ | $ 2n-9 $ | 1 | $ n-1 $ |\n| 2 | $ n $ | $ n-1 $ | $ n-3 $ |\n| $ n-1 $ | $ n+2 $ | $ 2n-9 $ | 3 |\n\nWait \u2014 actually, the Asymptote code labels the square in a specific way. Let's reconstruct the square **correctly** based on the Asymptote code.\n\nThe Asymptote code labels the square",
      "prompt_text": "user\nBelow is a magic square, meaning that the sum of the numbers in each row, in each column, and in each of the $2$ main diagonals are equal. What is the value of $n$?\n\n[asy]size(125);\nfor(int i = 0; i<4; ++i)\n{\n\ndraw((0,i)--(3,i),linewidth(1));\n}\n\nfor(int j = 0; j<4; ++j)\n{\n\ndraw((j,0)--(j,3),linewidth(1));\n}\n\nlabel(\"$n-3$\",(.5,.5));\nlabel(\"3\",(.5,1.5));\nlabel(\"$n+1$\",(.5,2.5));\n\nlabel(\"$n+2$\",(1.5,.5));\nlabel(\"$2n-9$\",(1.5,1.5));\nlabel(\"$1$\",(1.5,2.5));\n\nlabel(\"$2$\",(2.5,.5));\nlabel(\"$n$\",(2.5,1.5));\nlabel(\"$n-1$\",(2.5,2.5));\n[/asy]\nPlease reason step by step, and put your final answer within \\boxed{}.\nassistant\n<think>\n\n</think>\n\n",
      "quality_match": true,
      "quality_mismatches": [],
      "baseline_answer": null,
      "dflash_answer": null,
      "answer_match": true
    },
    {
      "sample_index": 1,
      "is_warmup": false,
      "num_input_tokens": 74,
      "baseline_num_output_tokens": 256,
      "baseline_tpot_ms": 6.7626169648065115,
      "baseline_tps": 147.87174923614967,
      "dflash_num_output_tokens": 256,
      "dflash_tpot_ms": 1.6641349218389223,
      "dflash_tps": 600.9128147463957,
      "tau": 8.46875,
      "num_drafts": 32,
      "acceptance_lengths": [
        3,
        2,
        4,
        16,
        14,
        4,
        5,
        6,
        7,
        14,
        6,
        3,
        16,
        7,
        2,
        16,
        16,
        6,
        3,
        16,
        16,
        12,
        16,
        11,
        1,
        4,
        10,
        3,
        7,
        4,
        5,
        16
      ],
      "baseline_text": "We are given:\n\n- **Rick** is thinking of a **positive factor of 14**.\n- **Steve** is thinking of a **positive factor of 42**.\n- They are thinking of the **same number**.\n- We are to find **how many possible numbers** they could be thinking of.\n\n---\n\n### Step 1: Find all positive factors of 14\n\nWe start by factoring 14:\n\n$$\n14 = 2 \\times 7\n$$\n\nSo the **positive factors of 14** are:\n\n$$\n1, 2, 7, 14\n$$\n\n---\n\n### Step 2: Find all positive factors of 42\n\nWe factor 42:\n\n$$\n42 = 2 \\times 3 \\times 7\n$$\n\nSo the **positive factors of 42** are:\n\n$$\n1, 2, 3, 6, 7, 14, 21, 42\n$$\n\n---\n\n### Step 3: Find the **common factors** of 14 and 42\n\nWe now find the **intersection** of the two sets of factors:\n\n- Factors of 14: {",
      "dflash_text": "We are given:\n\n- **Rick** is thinking of a **positive factor of 14**.\n- **Steve** is thinking of a **positive factor of 42**.\n- They are thinking of the **same number**.\n- We are to find **how many possible numbers** they could be thinking of.\n\n---\n\n### Step 1: Find all positive factors of 14\n\nWe start by factoring 14:\n\n$$\n14 = 2 \\times 7\n$$\n\nSo the **positive factors of 14** are:\n\n$$\n1, 2, 7, 14\n$$\n\n---\n\n### Step 2: Find all positive factors of 42\n\nWe factor 42:\n\n$$\n42 = 2 \\times 3 \\times 7\n$$\n\nSo the **positive factors of 42** are:\n\n$$\n1, 2, 3, 6, 7, 14, 21, 42\n$$\n\n---\n\n### Step 3: Find the **common factors** of 14 and 42\n\nWe now find the **intersection** of the two sets of factors:\n\n- Factors of 14: {",
      "prompt_text": "user\nRick is thinking of a positive factor of $14$ and Steve is thinking of a positive factor of $42$.  If Rick and Steve are thinking of the same number, how many possible numbers could they be thinking of?\nPlease reason step by step, and put your final answer within \\boxed{}.\nassistant\n<think>\n\n</think>\n\n",
      "quality_match": true,