{
  "config": {
    "target_model": "Qwen/Qwen3-4B",
    "draft_model": "z-lab/Qwen3-4B-DFlash-b16",
    "dataset": "math500",
    "block_size": 16,
    "max_new_tokens": 256,
    "num_samples": 2,
    "captured_at": "2026-03-06 11:47:29"
  },
  "summary": {
    "baseline_tpot_ms": 6.756984536991695,
    "baseline_tps": 147.99501086992484,
    "dflash_tpot_ms": 1.5604440839069866,
    "dflash_tps": 640.8432127194421,
    "speedup": 4.33016767898135,
    "tau": 8.396825396825397,
    "total_drafts": 63,
    "acceptance_rate_per_pos": [
      1.0,
      0.9365079365079365,
      0.8412698412698413,
      0.746031746031746,
      0.6349206349206349,
      0.5873015873015873,
      0.5396825396825397,
      0.4444444444444444,
      0.4126984126984127,
      0.4126984126984127,
      0.38095238095238093,
      0.3333333333333333,
      0.31746031746031744,
      0.31746031746031744,
      0.2698412698412698,
      0.2222222222222222
    ],
    "acceptance_histogram": [
      0.0,
      0.06349206349206349,
      0.09523809523809523,
      0.09523809523809523,
      0.1111111111111111,
      0.047619047619047616,
      0.047619047619047616,
      0.09523809523809523,
      0.031746031746031744,
      0.0,
      0.031746031746031744,
      0.047619047619047616,
      0.015873015873015872,
      0.0,
      0.047619047619047616,
      0.047619047619047616,
      0.2222222222222222
    ]
  },
  "samples": [
    {
      "baseline": {
        "token_timestamps_ms": [
          0.0,
          6.763,
          13.525,
          20.288,
          27.05,
          33.813,
          40.576,
          47.338,
          54.101,
          60.864,
          67.626,
          74.389,
          81.151,
          87.914,
          94.677,
          101.439,
          108.202,
          114.964,
          121.727,
          128.49,
          135.252,
          142.015,
          148.778,
          155.54,
          162.303,
          169.065,
          175.828,
          182.591,
          189.353,
          196.116,
          202.879,
          209.641,
          216.404,
          223.166,
          229.929,
          236.692,
          243.454,
          250.217,
          256.979,
          263.742,
          270.505,
          277.267,
          284.03,
          290.793,
          297.555,
          304.318,
          311.08,
          317.843,
          324.606,
          331.368,
          338.131,
          344.893,
          351.656,
          358.419,
          365.181,
          371.944,
          378.707,
          385.469,
          392.232,
          398.994,
          405.757,
          412.52,
          419.282,
          426.045,
          432.807,
          439.57,
          446.333,
          453.095,
          459.858,
          466.621,
          473.383,
          480.146,
          486.908,
          493.671,
          500.434,
          507.196,
          513.959,
          520.722,
          527.484,
          534.247,
          541.009,
          547.772,
          554.535,
          561.297,
          568.06,
          574.822,
          581.585,
          588.348,
          595.11,
          601.873,
          608.636,
          615.398,
          622.161,
          628.923,
          635.686,
          642.449,
          649.211,
          655.974,
          662.736,
          669.499,
          676.262,
          683.024,
          689.787,
          696.55,
          703.312,
          710.075,
          716.837,
          723.6,
          730.363,
          737.125,
          743.888,
          750.65,
          757.413,
          764.176,
          770.938,
          777.701,
          784.464,
          791.226,
          797.989,
          804.751,
          811.514,
          818.277,
          825.039,
          831.802,
          838.565,
          845.327,
          852.09,
          858.852,
          865.615,
          872.378,
          879.14,
          885.903,
          892.665,
          899.428,
          906.191,
          912.953,
          919.716,
          926.479,
          933.241,
          940.004,
          946.766,
          953.529,
          960.292,
          967.054,
          973.817,
          980.579,
          987.342,
          994.105,
          1000.867,
          1007.63,
          1014.393,
          1021.155,
          1027.918,
          1034.68,
          1041.443,
          1048.206,
          1054.968,
          1061.731,
          1068.493,
          1075.256,
          1082.019,
          1088.781,
          1095.544,
          1102.307,
          1109.069,
          1115.832,
          1122.594,
          1129.357,
          1136.12,
          1142.882,
          1149.645,
          1156.408,
          1163.17,
          1169.933,
          1176.695,
          1183.458,
          1190.221,
          1196.983,
          1203.746,
          1210.508,
          1217.271,
          1224.034,
          1230.796,
          1237.559,
          1244.322,
          1251.084,
          1257.847,
          1264.609,
          1271.372,
          1278.135,
          1284.897,
          1291.66,
          1298.422,
          1305.185,
          1311.948,
          1318.71,
          1325.473,
          1332.236,
          1338.998,
          1345.761,
          1352.523,
          1359.286,
          1366.049,
          1372.811,
          1379.574,
          1386.336,
          1393.099,
          1399.862,
          1406.624,
          1413.387,
          1420.15,
          1426.912,
          1433.675,
          1440.437,
          1447.2,
          1453.963,
          1460.725,
          1467.488,
          1474.25,
          1481.013,
          1487.776,
          1494.538,
          1501.301,
          1508.064,
          1514.826,
          1521.589,
          1528.351,
          1535.114,
          1541.877,
          1548.639,
          1555.402,
          1562.165,
          1568.927,
          1575.69,
          1582.452,
          1589.215,
          1595.978,
          1602.74,
          1609.503,
          1616.265,
          1623.028,
          1629.791,
          1636.553,
          1643.316,
          1650.079,
          1656.841,
          1663.604,
          1670.366,
          1677.129,
          1683.892,
          1690.654,
          1697.417,
          1704.179,
          1710.942,
          1717.705,
          1724.467
        ],
        "num_output_tokens": 256,
        "tpot_ms": 6.763,
        "tps": 147.9,
        "total_time_ms": 1731.23
      },
      "dflash": {
        "step_timestamps": [
          {
            "ms": 13.313,
            "tokens_accepted": 3
          },
          {
            "ms": 26.626,
            "tokens_accepted": 2
          },
          {
            "ms": 39.939,
            "tokens_accepted": 4
          },
          {
            "ms": 53.252,
            "tokens_accepted": 16
          },
          {
            "ms": 66.565,
            "tokens_accepted": 14
          },
          {
            "ms": 79.878,
            "tokens_accepted": 4
          },
          {
            "ms": 93.192,
            "tokens_accepted": 5
          },
          {
            "ms": 106.505,
            "tokens_accepted": 6
          },
          {
            "ms": 119.818,
            "tokens_accepted": 7
          },
          {
            "ms": 133.131,
            "tokens_accepted": 14
          },
          {
            "ms": 146.444,
            "tokens_accepted": 6
          },
          {
            "ms": 159.757,
            "tokens_accepted": 3
          },
          {
            "ms": 173.07,
            "tokens_accepted": 16
          },
          {
            "ms": 186.383,
            "tokens_accepted": 7
          },
          {
            "ms": 199.696,
            "tokens_accepted": 2
          },
          {
            "ms": 213.009,
            "tokens_accepted": 16
          },
          {
            "ms": 226.322,