{
  "config": {
    "target_model": "Qwen/Qwen3-4B",
    "draft_model": "z-lab/Qwen3-4B-DFlash-b16",
    "dataset": "gsm8k",
    "block_size": 16,
    "max_new_tokens": 256,
    "num_samples": 2,
    "captured_at": "2026-03-06 11:47:23"
  },
  "summary": {
    "baseline_tpot_ms": 6.726307146741107,
    "baseline_tps": 148.66998758516397,
    "dflash_tpot_ms": 2.315632918179357,
    "dflash_tps": 431.84737621809245,
    "speedup": 2.9047380929571505,
    "tau": 5.518518518518518,
    "total_drafts": 81,
    "acceptance_rate_per_pos": [
      1.0,
      0.8641975308641975,
      0.7407407407407407,
      0.6296296296296297,
      0.4691358024691358,
      0.38271604938271603,
      0.32098765432098764,
      0.25925925925925924,
      0.19753086419753085,
      0.1728395061728395,
      0.13580246913580246,
      0.12345679012345678,
      0.07407407407407407,
      0.06172839506172839,
      0.04938271604938271,
      0.037037037037037035
    ],
    "acceptance_histogram": [
      0.0,
      0.13580246913580246,
      0.12345679012345678,
      0.1111111111111111,
      0.16049382716049382,
      0.08641975308641975,
      0.06172839506172839,
      0.06172839506172839,
      0.06172839506172839,
      0.024691358024691357,
      0.037037037037037035,
      0.012345679012345678,
      0.04938271604938271,
      0.012345679012345678,
      0.012345679012345678,
      0.012345679012345678,
      0.037037037037037035
    ]
  },
  "samples": [
    {
      "baseline": {
        "token_timestamps_ms": [
          0.0,
          6.716,
          13.432,
          20.148,
          26.863,
          33.579,
          40.295,
          47.011,
          53.727,
          60.443,
          67.158,
          73.874,
          80.59,
          87.306,
          94.022,
          100.738,
          107.453,
          114.169,
          120.885,
          127.601,
          134.317,
          141.033,
          147.749,
          154.464,
          161.18,
          167.896,
          174.612,
          181.328,
          188.044,
          194.759,
          201.475,
          208.191,
          214.907,
          221.623,
          228.339,
          235.054,
          241.77,
          248.486,
          255.202,
          261.918,
          268.634,
          275.349,
          282.065,
          288.781,
          295.497,
          302.213,
          308.929,
          315.645,
          322.36,
          329.076,
          335.792,
          342.508,
          349.224,
          355.94,
          362.655,
          369.371,
          376.087,
          382.803,
          389.519,
          396.235,
          402.95,
          409.666,
          416.382,
          423.098,
          429.814,
          436.53,
          443.246,
          449.961,
          456.677,
          463.393,
          470.109,
          476.825,
          483.541,
          490.256,
          496.972,
          503.688,
          510.404,
          517.12,
          523.836,
          530.551,
          537.267,
          543.983,
          550.699,
          557.415,
          564.131,
          570.846,
          577.562,
          584.278,
          590.994,
          597.71,
          604.426,
          611.142,
          617.857,
          624.573,
          631.289,
          638.005,
          644.721,
          651.437,
          658.152,
          664.868,
          671.584,
          678.3,
          685.016,
          691.732,
          698.447,
          705.163,
          711.879,
          718.595,
          725.311,
          732.027,
          738.743,
          745.458,
          752.174,
          758.89,
          765.606,
          772.322,
          779.038,
          785.753,
          792.469,
          799.185,
          805.901,
          812.617,
          819.333,
          826.048,
          832.764,
          839.48,
          846.196,
          852.912,
          859.628,
          866.343,
          873.059,
          879.775,
          886.491,
          893.207,
          899.923,
          906.639,
          913.354,
          920.07,
          926.786,
          933.502,
          940.218,
          946.934,
          953.649,
          960.365,
          967.081,
          973.797,
          980.513,
          987.229,
          993.944,
          1000.66,
          1007.376,
          1014.092,
          1020.808,
          1027.524,
          1034.24,
          1040.955,
          1047.671,
          1054.387,
          1061.103,
          1067.819,
          1074.535,
          1081.25,
          1087.966,
          1094.682,
          1101.398,
          1108.114,
          1114.83,
          1121.545,
          1128.261,
          1134.977,
          1141.693,
          1148.409,
          1155.125,
          1161.84,
          1168.556,
          1175.272,
          1181.988,
          1188.704,
          1195.42,
          1202.136,
          1208.851,
          1215.567,
          1222.283,
          1228.999,
          1235.715,
          1242.431,
          1249.146,
          1255.862,
          1262.578,
          1269.294,
          1276.01,
          1282.726,
          1289.441,
          1296.157,
          1302.873,
          1309.589,
          1316.305,
          1323.021,
          1329.737,
          1336.452,
          1343.168,
          1349.884,
          1356.6,
          1363.316,
          1370.032,
          1376.747,
          1383.463,
          1390.179,
          1396.895,
          1403.611,
          1410.327,
          1417.042,
          1423.758,
          1430.474,
          1437.19,
          1443.906,
          1450.622,
          1457.338,
          1464.053,
          1470.769,
          1477.485,
          1484.201,
          1490.917,
          1497.633,
          1504.348,
          1511.064,
          1517.78,
          1524.496,
          1531.212,
          1537.928,
          1544.643,
          1551.359,
          1558.075,
          1564.791,
          1571.507,
          1578.223,
          1584.938,
          1591.654,
          1598.37,
          1605.086,
          1611.802,
          1618.518,
          1625.234,
          1631.949,
          1638.665,
          1645.381,
          1652.097,
          1658.813,
          1665.529,
          1672.244,
          1678.96,
          1685.676,
          1692.392,
          1699.108,
          1705.824,
          1712.539
        ],
        "num_output_tokens": 256,
        "tpot_ms": 6.716,
        "tps": 148.9,
        "total_time_ms": 1719.255
      },
      "dflash": {
        "step_timestamps": [
          {
            "ms": 12.796,
            "tokens_accepted": 4
          },
          {
            "ms": 25.592,
            "tokens_accepted": 2
          },
          {
            "ms": 38.387,
            "tokens_accepted": 2
          },
          {
            "ms": 51.183,
            "tokens_accepted": 5
          },
          {
            "ms": 63.979,
            "tokens_accepted": 6
          },
          {
            "ms": 76.775,
            "tokens_accepted": 4
          },
          {
            "ms": 89.571,
            "tokens_accepted": 4
          },
          {
            "ms": 102.367,
            "tokens_accepted": 2
          },
          {
            "ms": 115.162,
            "tokens_accepted": 1
          },
          {
            "ms": 127.958,
            "tokens_accepted": 1
          },
          {
            "ms": 140.754,
            "tokens_accepted": 7
          },
          {
            "ms": 153.55,
            "tokens_accepted": 8
          },
          {
            "ms": 166.346,
            "tokens_accepted": 4
          },
          {
            "ms": 179.142,
            "tokens_accepted": 2
          },
          {
            "ms": 191.937,
            "tokens_accepted": 4
          },
          {
            "ms": 204.733,