{
  "config": {
    "target_model": "Qwen/Qwen3-4B",
    "draft_model": "z-lab/Qwen3-4B-DFlash-b16",
    "dataset": "aime24",
    "block_size": 16,
    "max_new_tokens": 256,
    "num_samples": 2,
    "captured_at": "2026-03-06 11:47:30"
  },
  "summary": {
    "baseline_tpot_ms": 6.822823654260901,
    "baseline_tps": 146.5668835476193,
    "dflash_tpot_ms": 1.8666388282326807,
    "dflash_tps": 535.7222751799245,
    "speedup": 3.6551386112120565,
    "tau": 7.152777777777778,
    "total_drafts": 72,
    "acceptance_rate_per_pos": [
      1.0,
      0.8611111111111112,
      0.7361111111111112,
      0.6527777777777778,
      0.5277777777777778,
      0.4722222222222222,
      0.4583333333333333,
      0.4027777777777778,
      0.3472222222222222,
      0.3472222222222222,
      0.3333333333333333,
      0.2916666666666667,
      0.25,
      0.20833333333333334,
      0.1388888888888889,
      0.125
    ],
    "acceptance_histogram": [
      0.0,
      0.1388888888888889,
      0.125,
      0.08333333333333333,
      0.125,
      0.05555555555555555,
      0.013888888888888888,
      0.05555555555555555,
      0.05555555555555555,
      0.0,
      0.013888888888888888,
      0.041666666666666664,
      0.041666666666666664,
      0.041666666666666664,
      0.06944444444444445,
      0.013888888888888888,
      0.125
    ]
  },
  "samples": [
    {
      "baseline": {
        "token_timestamps_ms": [
          0.0,
          6.843,
          13.686,
          20.528,
          27.371,
          34.214,
          41.057,
          47.9,
          54.742,
          61.585,
          68.428,
          75.271,
          82.114,
          88.956,
          95.799,
          102.642,
          109.485,
          116.328,
          123.17,
          130.013,
          136.856,
          143.699,
          150.542,
          157.385,
          164.227,
          171.07,
          177.913,
          184.756,
          191.599,
          198.441,
          205.284,
          212.127,
          218.97,
          225.813,
          232.655,
          239.498,
          246.341,
          253.184,
          260.027,
          266.869,
          273.712,
          280.555,
          287.398,
          294.241,
          301.083,
          307.926,
          314.769,
          321.612,
          328.455,
          335.297,
          342.14,
          348.983,
          355.826,
          362.669,
          369.511,
          376.354,
          383.197,
          390.04,
          396.883,
          403.725,
          410.568,
          417.411,
          424.254,
          431.097,
          437.939,
          444.782,
          451.625,
          458.468,
          465.311,
          472.154,
          478.996,
          485.839,
          492.682,
          499.525,
          506.368,
          513.21,
          520.053,
          526.896,
          533.739,
          540.582,
          547.424,
          554.267,
          561.11,
          567.953,
          574.796,
          581.638,
          588.481,
          595.324,
          602.167,
          609.01,
          615.852,
          622.695,
          629.538,
          636.381,
          643.224,
          650.066,
          656.909,
          663.752,
          670.595,
          677.438,
          684.28,
          691.123,
          697.966,
          704.809,
          711.652,
          718.494,
          725.337,
          732.18,
          739.023,
          745.866,
          752.708,
          759.551,
          766.394,
          773.237,
          780.08,
          786.923,
          793.765,
          800.608,
          807.451,
          814.294,
          821.137,
          827.979,
          834.822,
          841.665,
          848.508,
          855.351,
          862.193,
          869.036,
          875.879,
          882.722,
          889.565,
          896.407,
          903.25,
          910.093,
          916.936,
          923.779,
          930.621,
          937.464,
          944.307,
          951.15,
          957.993,
          964.835,
          971.678,
          978.521,
          985.364,
          992.207,
          999.049,
          1005.892,
          1012.735,
          1019.578,
          1026.421,
          1033.263,
          1040.106,
          1046.949,
          1053.792,
          1060.635,
          1067.478,
          1074.32,
          1081.163,
          1088.006,
          1094.849,
          1101.692,
          1108.534,
          1115.377,
          1122.22,
          1129.063,
          1135.906,
          1142.748,
          1149.591,
          1156.434,
          1163.277,
          1170.12,
          1176.962,
          1183.805,
          1190.648,
          1197.491,
          1204.334,
          1211.176,
          1218.019,
          1224.862,
          1231.705,
          1238.548,
          1245.39,
          1252.233,
          1259.076,
          1265.919,
          1272.762,
          1279.604,
          1286.447,
          1293.29,
          1300.133,
          1306.976,
          1313.818,
          1320.661,
          1327.504,
          1334.347,
          1341.19,
          1348.032,
          1354.875,
          1361.718,
          1368.561,
          1375.404,
          1382.247,
          1389.089,
          1395.932,
          1402.775,
          1409.618,
          1416.461,
          1423.303,
          1430.146,
          1436.989,
          1443.832,
          1450.675,
          1457.517,
          1464.36,
          1471.203,
          1478.046,
          1484.889,
          1491.731,
          1498.574,
          1505.417,
          1512.26,
          1519.103,
          1525.945,
          1532.788,
          1539.631,
          1546.474,
          1553.317,
          1560.159,
          1567.002,
          1573.845,
          1580.688,
          1587.531,
          1594.373,
          1601.216,
          1608.059,
          1614.902,
          1621.745,
          1628.587,
          1635.43,
          1642.273,
          1649.116,
          1655.959,
          1662.801,
          1669.644,
          1676.487,
          1683.33,
          1690.173,
          1697.016,
          1703.858,
          1710.701,
          1717.544,
          1724.387,
          1731.23,
          1738.072,
          1744.915
        ],
        "num_output_tokens": 256,
        "tpot_ms": 6.843,
        "tps": 146.1,
        "total_time_ms": 1751.758
      },
      "dflash": {
        "step_timestamps": [
          {
            "ms": 13.955,
            "tokens_accepted": 7
          },
          {
            "ms": 27.91,
            "tokens_accepted": 11
          },
          {
            "ms": 41.864,
            "tokens_accepted": 8
          },
          {
            "ms": 55.819,
            "tokens_accepted": 12
          },
          {
            "ms": 69.774,
            "tokens_accepted": 16
          },
          {
            "ms": 83.729,
            "tokens_accepted": 14
          },
          {
            "ms": 97.684,
            "tokens_accepted": 16
          },
          {
            "ms": 111.639,
            "tokens_accepted": 2
          },
          {
            "ms": 125.593,
            "tokens_accepted": 8
          },
          {
            "ms": 139.548,
            "tokens_accepted": 16
          },
          {
            "ms": 153.503,
            "tokens_accepted": 7
          },
          {
            "ms": 167.458,
            "tokens_accepted": 3
          },
          {
            "ms": 181.413,
            "tokens_accepted": 2
          },
          {
            "ms": 195.367,
            "tokens_accepted": 2
          },
          {
            "ms": 209.322,
            "tokens_accepted": 3
          },
          {
            "ms": 223.277,
            "tokens_accepted": 8
          },
          {
            "ms": 237.232,