{
  "config": {
    "target_model": "Qwen/Qwen3-4B",
    "draft_model": "z-lab/Qwen3-4B-DFlash-b16",
    "dataset": "aime25",
    "block_size": 16,
    "max_new_tokens": 256,
    "num_samples": 2,
    "captured_at": "2026-03-06 11:47:31"
  },
  "summary": {
    "baseline_tpot_ms": 6.795980470656104,
    "baseline_tps": 147.1458024810152,
    "dflash_tpot_ms": 1.7202126699658038,
    "dflash_tps": 581.3234709054195,
    "speedup": 3.950662955407253,
    "tau": 8.030303030303031,
    "total_drafts": 66,
    "acceptance_rate_per_pos": [
      1.0,
      0.9090909090909091,
      0.8181818181818182,
      0.7424242424242424,
      0.6818181818181818,
      0.5909090909090909,
      0.5303030303030303,
      0.4393939393939394,
      0.3939393939393939,
      0.3787878787878788,
      0.36363636363636365,
      0.3181818181818182,
      0.2878787878787879,
      0.22727272727272727,
      0.18181818181818182,
      0.16666666666666666
    ],
    "acceptance_histogram": [
      0.0,
      0.09090909090909091,
      0.09090909090909091,
      0.07575757575757576,
      0.06060606060606061,
      0.09090909090909091,
      0.06060606060606061,
      0.09090909090909091,
      0.045454545454545456,
      0.015151515151515152,
      0.015151515151515152,
      0.045454545454545456,
      0.030303030303030304,
      0.06060606060606061,
      0.045454545454545456,
      0.015151515151515152,
      0.16666666666666666
    ]
  },
  "samples": [
    {
      "baseline": {
        "token_timestamps_ms": [
          0.0,
          6.803,
          13.606,
          20.409,
          27.212,
          34.015,
          40.818,
          47.621,
          54.423,
          61.226,
          68.029,
          74.832,
          81.635,
          88.438,
          95.241,
          102.044,
          108.847,
          115.65,
          122.453,
          129.256,
          136.059,
          142.862,
          149.665,
          156.467,
          163.27,
          170.073,
          176.876,
          183.679,
          190.482,
          197.285,
          204.088,
          210.891,
          217.694,
          224.497,
          231.3,
          238.103,
          244.906,
          251.709,
          258.512,
          265.314,
          272.117,
          278.92,
          285.723,
          292.526,
          299.329,
          306.132,
          312.935,
          319.738,
          326.541,
          333.344,
          340.147,
          346.95,
          353.753,
          360.556,
          367.358,
          374.161,
          380.964,
          387.767,
          394.57,
          401.373,
          408.176,
          414.979,
          421.782,
          428.585,
          435.388,
          442.191,
          448.994,
          455.797,
          462.6,
          469.402,
          476.205,
          483.008,
          489.811,
          496.614,
          503.417,
          510.22,
          517.023,
          523.826,
          530.629,
          537.432,
          544.235,
          551.038,
          557.841,
          564.644,
          571.447,
          578.249,
          585.052,
          591.855,
          598.658,
          605.461,
          612.264,
          619.067,
          625.87,
          632.673,
          639.476,
          646.279,
          653.082,
          659.885,
          666.688,
          673.491,
          680.293,
          687.096,
          693.899,
          700.702,
          707.505,
          714.308,
          721.111,
          727.914,
          734.717,
          741.52,
          748.323,
          755.126,
          761.929,
          768.732,
          775.535,
          782.337,
          789.14,
          795.943,
          802.746,
          809.549,
          816.352,
          823.155,
          829.958,
          836.761,
          843.564,
          850.367,
          857.17,
          863.973,
          870.776,
          877.579,
          884.381,
          891.184,
          897.987,
          904.79,
          911.593,
          918.396,
          925.199,
          932.002,
          938.805,
          945.608,
          952.411,
          959.214,
          966.017,
          972.82,
          979.623,
          986.426,
          993.228,
          1000.031,
          1006.834,
          1013.637,
          1020.44,
          1027.243,
          1034.046,
          1040.849,
          1047.652,
          1054.455,
          1061.258,
          1068.061,
          1074.864,
          1081.667,
          1088.47,
          1095.272,
          1102.075,
          1108.878,
          1115.681,
          1122.484,
          1129.287,
          1136.09,
          1142.893,
          1149.696,
          1156.499,
          1163.302,
          1170.105,
          1176.908,
          1183.711,
          1190.514,
          1197.316,
          1204.119,
          1210.922,
          1217.725,
          1224.528,
          1231.331,
          1238.134,
          1244.937,
          1251.74,
          1258.543,
          1265.346,
          1272.149,
          1278.952,
          1285.755,
          1292.558,
          1299.361,
          1306.163,
          1312.966,
          1319.769,
          1326.572,
          1333.375,
          1340.178,
          1346.981,
          1353.784,
          1360.587,
          1367.39,
          1374.193,
          1380.996,
          1387.799,
          1394.602,
          1401.405,
          1408.207,
          1415.01,
          1421.813,
          1428.616,
          1435.419,
          1442.222,
          1449.025,
          1455.828,
          1462.631,
          1469.434,
          1476.237,
          1483.04,
          1489.843,
          1496.646,
          1503.449,
          1510.251,
          1517.054,
          1523.857,
          1530.66,
          1537.463,
          1544.266,
          1551.069,
          1557.872,
          1564.675,
          1571.478,
          1578.281,
          1585.084,
          1591.887,
          1598.69,
          1605.493,
          1612.296,
          1619.098,
          1625.901,
          1632.704,
          1639.507,
          1646.31,
          1653.113,
          1659.916,
          1666.719,
          1673.522,
          1680.325,
          1687.128,
          1693.931,
          1700.734,
          1707.537,
          1714.34,
          1721.142,
          1727.945,
          1734.748
        ],
        "num_output_tokens": 256,
        "tpot_ms": 6.803,
        "tps": 147.0,
        "total_time_ms": 1741.551
      },
      "dflash": {
        "step_timestamps": [
          {
            "ms": 14.858,
            "tokens_accepted": 4
          },
          {
            "ms": 29.715,
            "tokens_accepted": 7
          },
          {
            "ms": 44.573,
            "tokens_accepted": 6
          },
          {
            "ms": 59.431,
            "tokens_accepted": 16
          },
          {
            "ms": 74.289,
            "tokens_accepted": 14
          },
          {
            "ms": 89.146,
            "tokens_accepted": 5
          },
          {
            "ms": 104.004,
            "tokens_accepted": 5
          },
          {
            "ms": 118.862,
            "tokens_accepted": 16
          },
          {
            "ms": 133.719,
            "tokens_accepted": 16
          },
          {
            "ms": 148.577,
            "tokens_accepted": 16
          },
          {
            "ms": 163.435,
            "tokens_accepted": 11
          },
          {
            "ms": 178.292,
            "tokens_accepted": 16
          },
          {
            "ms": 193.15,
            "tokens_accepted": 2
          },
          {
            "ms": 208.008,
            "tokens_accepted": 6
          },
          {
            "ms": 222.866,
            "tokens_accepted": 7
          },
          {
            "ms": 237.723,