{
  "config": {
    "target_model": "Qwen/Qwen3-4B",
    "draft_model": "z-lab/Qwen3-4B-DFlash-b16",
    "dataset": "mt-bench",
    "block_size": 16,
    "max_new_tokens": 256,
    "num_samples": 2,
    "captured_at": "2026-03-06 11:47:34"
  },
  "summary": {
    "baseline_tpot_ms": 6.751167660468127,
    "baseline_tps": 148.12252491603206,
    "dflash_tpot_ms": 2.1628874931138853,
    "dflash_tps": 462.34489920708313,
    "speedup": 3.1213679315092553,
    "tau": 6.111111111111111,
    "total_drafts": 45,
    "acceptance_rate_per_pos": [
      1.0,
      0.8888888888888888,
      0.7333333333333333,
      0.6444444444444445,
      0.5111111111111111,
      0.4444444444444444,
      0.37777777777777777,
      0.28888888888888886,
      0.26666666666666666,
      0.26666666666666666,
      0.15555555555555556,
      0.13333333333333333,
      0.1111111111111111,
      0.1111111111111111,
      0.1111111111111111,
      0.06666666666666667
    ],
    "acceptance_histogram": [
      0.0,
      0.1111111111111111,
      0.15555555555555556,
      0.08888888888888889,
      0.13333333333333333,
      0.06666666666666667,
      0.06666666666666667,
      0.08888888888888889,
      0.022222222222222223,
      0.0,
      0.1111111111111111,
      0.022222222222222223,
      0.022222222222222223,
      0.0,
      0.0,
      0.044444444444444446,
      0.06666666666666667
    ]
  },
  "samples": [
    {
      "baseline": {
        "token_timestamps_ms": [
          0.0,
          6.584,
          13.167,
          19.751,
          26.334,
          32.918,
          39.501,
          46.085,
          52.668,
          59.252,
          65.835,
          72.419,
          79.003,
          85.586,
          92.17,
          98.753
        ],
        "num_output_tokens": 16,
        "tpot_ms": 6.584,
        "tps": 151.9,
        "total_time_ms": 105.337
      },
      "dflash": {
        "step_timestamps": [
          {
            "ms": 12.233,
            "tokens_accepted": 4
          },
          {
            "ms": 24.465,
            "tokens_accepted": 6
          },
          {
            "ms": 36.698,
            "tokens_accepted": 7
          }
        ],
        "acceptance_lengths": [
          4,
          6,
          7
        ],
        "num_output_tokens": 16,
        "tpot_ms": 2.294,
        "tps": 436.0,
        "tau": 5.67,
        "total_time_ms": 36.698
      },
      "speedup": 2.87,
      "needs_text": true
    },
    {
      "baseline": {
        "token_timestamps_ms": [
          0.0,
          6.919,
          13.838,
          20.756,
          27.675,
          34.594,
          41.513,
          48.432,
          55.35,
          62.269,
          69.188,
          76.107,
          83.025,
          89.944,
          96.863,
          103.782,
          110.701,
          117.619,
          124.538,
          131.457,
          138.376,
          145.295,
          152.213,
          159.132,
          166.051,
          172.97,
          179.888,
          186.807,
          193.726,
          200.645,
          207.564,
          214.482,
          221.401,
          228.32,
          235.239,
          242.158,
          249.076,
          255.995,
          262.914,
          269.833,
          276.752,
          283.67,
          290.589,
          297.508,
          304.427,
          311.345,
          318.264,
          325.183,
          332.102,
          339.021,
          345.939,
          352.858,
          359.777,
          366.696,
          373.615,
          380.533,
          387.452,
          394.371,
          401.29,
          408.209,
          415.127,
          422.046,
          428.965,
          435.884,
          442.802,
          449.721,
          456.64,
          463.559,
          470.478,
          477.396,
          484.315,
          491.234,
          498.153,
          505.072,
          511.99,
          518.909,
          525.828,
          532.747,
          539.665,
          546.584,
          553.503,
          560.422,
          567.341,
          574.259,
          581.178,
          588.097,
          595.016,
          601.935,
          608.853,
          615.772,
          622.691,
          629.61,
          636.529,
          643.447,
          650.366,
          657.285,
          664.204,
          671.122,
          678.041,
          684.96,
          691.879,
          698.798,
          705.716,
          712.635,
          719.554,
          726.473,
          733.392,
          740.31,
          747.229,
          754.148,
          761.067,
          767.985,
          774.904,
          781.823,
          788.742,
          795.661,
          802.579,
          809.498,
          816.417,
          823.336,
          830.255,
          837.173,
          844.092,
          851.011,
          857.93,
          864.849,
          871.767,
          878.686,
          885.605,
          892.524,
          899.442,
          906.361,
          913.28,
          920.199,
          927.118,
          934.036,
          940.955,
          947.874,
          954.793,
          961.712,
          968.63,
          975.549,
          982.468,
          989.387,
          996.306,
          1003.224,
          1010.143,
          1017.062,
          1023.981,
          1030.899,
          1037.818,
          1044.737,
          1051.656,
          1058.575,
          1065.493,
          1072.412,
          1079.331,
          1086.25,
          1093.169,
          1100.087,
          1107.006,
          1113.925,
          1120.844,
          1127.762,
          1134.681,
          1141.6,
          1148.519,
          1155.438,
          1162.356,
          1169.275,
          1176.194,
          1183.113,
          1190.032,
          1196.95,
          1203.869,
          1210.788,
          1217.707,
          1224.626,
          1231.544,
          1238.463,
          1245.382,
          1252.301,
          1259.219,
          1266.138,
          1273.057,
          1279.976,
          1286.895,
          1293.813,
          1300.732,
          1307.651,
          1314.57,
          1321.489,
          1328.407,
          1335.326,
          1342.245,
          1349.164,
          1356.082,
          1363.001,
          1369.92,
          1376.839,
          1383.758,
          1390.676,
          1397.595,
          1404.514,
          1411.433,
          1418.352,
          1425.27,
          1432.189,
          1439.108,
          1446.027,
          1452.946,
          1459.864,
          1466.783,
          1473.702,
          1480.621,
          1487.539,
          1494.458,
          1501.377,
          1508.296,
          1515.215,
          1522.133,
          1529.052,
          1535.971,
          1542.89,
          1549.809,
          1556.727,
          1563.646,
          1570.565,
          1577.484,
          1584.403,
          1591.321,
          1598.24,
          1605.159,
          1612.078,
          1618.996,
          1625.915,
          1632.834,
          1639.753,
          1646.672,
          1653.59,
          1660.509,
          1667.428,
          1674.347,
          1681.266,
          1688.184,
          1695.103,
          1702.022,
          1708.941,
          1715.859,
          1722.778,
          1729.697,
          1736.616,
          1743.535,
          1750.453,
          1757.372,
          1764.291
        ],
        "num_output_tokens": 256,
        "tpot_ms": 6.919,
        "tps": 144.5,
        "total_time_ms": 1771.21
      },
      "dflash": {
        "step_timestamps": [
          {
            "ms": 12.387,
            "tokens_accepted": 10
          },
          {
            "ms": 24.773,
            "tokens_accepted": 2
          },
          {
            "ms": 37.16,
            "tokens_accepted": 2
          },
          {
            "ms": 49.546,