{
  "config": {
    "target_model": "Qwen/Qwen3-4B",
    "draft_model": "z-lab/Qwen3-4B-DFlash-b16",
    "dataset": "mbpp",
    "block_size": 16,
    "max_new_tokens": 256,
    "num_samples": 2,
    "captured_at": "2026-03-06 11:47:33"
  },
  "summary": {
    "baseline_tpot_ms": 8.31979044124913,
    "baseline_tps": 120.19533509426473,
    "dflash_tpot_ms": 2.651208777705389,
    "dflash_tps": 377.18643978898416,
    "speedup": 3.1381121363251814,
    "tau": 6.126984126984127,
    "total_drafts": 63,
    "acceptance_rate_per_pos": [
      1.0,
      0.873015873015873,
      0.7301587301587301,
      0.6190476190476191,
      0.5873015873015873,
      0.42857142857142855,
      0.3968253968253968,
      0.31746031746031744,
      0.2698412698412698,
      0.2222222222222222,
      0.19047619047619047,
      0.12698412698412698,
      0.1111111111111111,
      0.09523809523809523,
      0.07936507936507936,
      0.07936507936507936
    ],
    "acceptance_histogram": [
      0.0,
      0.12698412698412698,
      0.14285714285714285,
      0.1111111111111111,
      0.031746031746031744,
      0.15873015873015872,
      0.031746031746031744,
      0.07936507936507936,
      0.047619047619047616,
      0.047619047619047616,
      0.031746031746031744,
      0.06349206349206349,
      0.015873015873015872,
      0.015873015873015872,
      0.015873015873015872,
      0.0,
      0.07936507936507936
    ]
  },
  "samples": [
    {
      "baseline": {
        "token_timestamps_ms": [
          0.0,
          9.663,
          19.325,
          28.988,
          38.651,
          48.314,
          57.976,
          67.639,
          77.302,
          86.965,
          96.627,
          106.29,
          115.953,
          125.615,
          135.278,
          144.941,
          154.604,
          164.266,
          173.929,
          183.592,
          193.255,
          202.917,
          212.58,
          222.243,
          231.906,
          241.568,
          251.231,
          260.894,
          270.556,
          280.219,
          289.882,
          299.545,
          309.207,
          318.87,
          328.533,
          338.196,
          347.858,
          357.521,
          367.184,
          376.846,
          386.509,
          396.172,
          405.835,
          415.497,
          425.16,
          434.823,
          444.486,
          454.148,
          463.811,
          473.474,
          483.137,
          492.799,
          502.462,
          512.125,
          521.787,
          531.45,
          541.113,
          550.776,
          560.438,
          570.101,
          579.764,
          589.427,
          599.089,
          608.752,
          618.415,
          628.077,
          637.74,
          647.403,
          657.066,
          666.728,
          676.391,
          686.054,
          695.717,
          705.379,
          715.042,
          724.705,
          734.368,
          744.03,
          753.693,
          763.356,
          773.018,
          782.681,
          792.344,
          802.007,
          811.669,
          821.332,
          830.995,
          840.658,
          850.32,
          859.983,
          869.646,
          879.308,
          888.971,
          898.634,
          908.297,
          917.959,
          927.622,
          937.285,
          946.948,
          956.61,
          966.273,
          975.936,
          985.599,
          995.261,
          1004.924,
          1014.587,
          1024.249,
          1033.912,
          1043.575,
          1053.238,
          1062.9,
          1072.563,
          1082.226,
          1091.889,
          1101.551,
          1111.214,
          1120.877,
          1130.539,
          1140.202,
          1149.865,
          1159.528,
          1169.19,
          1178.853,
          1188.516,
          1198.179,
          1207.841,
          1217.504,
          1227.167,
          1236.83,
          1246.492,
          1256.155,
          1265.818,
          1275.48,
          1285.143,
          1294.806,
          1304.469,
          1314.131,
          1323.794,
          1333.457,
          1343.12,
          1352.782,
          1362.445,
          1372.108,
          1381.77,
          1391.433,
          1401.096,
          1410.759,
          1420.421,
          1430.084,
          1439.747,
          1449.41,
          1459.072,
          1468.735,
          1478.398,
          1488.06,
          1497.723,
          1507.386,
          1517.049,
          1526.711,
          1536.374,
          1546.037,
          1555.7,
          1565.362,
          1575.025,
          1584.688,
          1594.351,
          1604.013,
          1613.676,
          1623.339,
          1633.001,
          1642.664,
          1652.327,
          1661.99,
          1671.652,
          1681.315,
          1690.978,
          1700.641,
          1710.303,
          1719.966,
          1729.629,
          1739.291,
          1748.954,
          1758.617,
          1768.28,
          1777.942,
          1787.605,
          1797.268,
          1806.931,
          1816.593,
          1826.256,
          1835.919,
          1845.582,
          1855.244,
          1864.907,
          1874.57,
          1884.232,
          1893.895,
          1903.558,
          1913.221,
          1922.883,
          1932.546,
          1942.209,
          1951.872,
          1961.534,
          1971.197,
          1980.86,
          1990.522,
          2000.185,
          2009.848,
          2019.511,
          2029.173,
          2038.836,
          2048.499
        ],
        "num_output_tokens": 213,
        "tpot_ms": 9.663,
        "tps": 103.5,
        "total_time_ms": 2058.162
      },
      "dflash": {
        "step_timestamps": [
          {
            "ms": 17.01,
            "tokens_accepted": 5
          },
          {
            "ms": 34.019,
            "tokens_accepted": 3
          },
          {
            "ms": 51.029,
            "tokens_accepted": 16
          },
          {
            "ms": 68.039,
            "tokens_accepted": 5
          },
          {
            "ms": 85.049,
            "tokens_accepted": 7
          },
          {
            "ms": 102.058,
            "tokens_accepted": 11
          },
          {
            "ms": 119.068,
            "tokens_accepted": 11
          },
          {
            "ms": 136.078,
            "tokens_accepted": 16
          },
          {
            "ms": 153.087,
            "tokens_accepted": 16
          },
          {
            "ms": 170.097,
            "tokens_accepted": 9
          },
          {
            "ms": 187.107,
            "tokens_accepted": 2
          },
          {
            "ms": 204.116,
            "tokens_accepted": 5
          },
          {
            "ms": 221.126,
            "tokens_accepted": 4
          },
          {
            "ms": 238.136,
            "tokens_accepted": 3
          },
          {
            "ms": 255.146,
            "tokens_accepted": 1
          },
          {
            "ms": 272.155,
            "tokens_accepted": 8
          },
          {
            "ms": 289.165,
            "tokens_accepted": 16
          },
          {
            "ms": 306.175,
            "tokens_accepted": 12
          },
          {
            "ms": 323.184,
            "tokens_accepted": 5
          },
          {
            "ms": 340.194,
            "tokens_accepted": 14
          },
          {
            "ms": 357.204,
            "tokens_accepted": 1
          },
          {
            "ms": 374.213,
            "tokens_accepted": 3
          },
          {
            "ms": 391.223,
            "tokens_accepted": 11
          },
          {
            "ms": 408.233,
            "tokens_accepted": 5
          },
          {
            "ms": 425.243,
            "tokens_accepted": 2
          },
          {
            "ms": 442.252,