{
  "methods": {
    "baseline": {
      "method": "baseline",
      "num_prompts": 60,
      "num_ok": 60,
      "num_error": 0,
      "total_elapsed_sec": 354.7450781590305,
      "total_output_tokens": 30579,
      "time_per_output_token": 0.011600937838354116,
      "tokens_per_second": 86.1999274484411,
      "speedup_vs_baseline": 1.0,
      "tau": null,
      "draft_acceptance_rate": null,
      "num_drafts": 0,
      "num_draft_tokens": 0,
      "num_accepted_tokens": 0,
      "acceptance_rate_per_pos": []
    },
    "dflash": {
      "method": "dflash",
      "num_prompts": 60,
      "num_ok": 60,
      "num_error": 0,
      "total_elapsed_sec": 499.95363093947526,
      "total_output_tokens": 30579,
      "time_per_output_token": 0.016349574248323204,
      "tokens_per_second": 61.163672204036686,
      "speedup_vs_baseline": 0.7095559592044971,
      "tau": 1.0434051709645966,
      "draft_acceptance_rate": 0.002894333294473191,
      "num_drafts": 29743,
      "num_draft_tokens": 446044,
      "num_accepted_tokens": 1291,
      "acceptance_rate_per_pos": [
        0.040446491611471604,
        0.002487980365127929,
        0.00043707763171166325,
        3.3621356285512556e-05,
        0.0,
        0.0,
        0.0,
        0.0,
        0.0,
        0.0,
        0.0,
        0.0,
        0.0,
        0.0,
        0.0,
        0.0
      ]
    }
  },
  "datasets": [
    {
      "method": "baseline",
      "dataset": "gsm8k",
      "dataset_name": "GSM8K",
      "num_prompts": 12,
      "num_ok": 12,
      "num_error": 0,
      "total_elapsed_sec": 71.20237042882945,
      "total_output_tokens": 6144,
      "time_per_output_token": 0.011588927478650627,
      "tokens_per_second": 86.28926204277502,
      "speedup_vs_baseline": null
    },
    {
      "method": "baseline",
      "dataset": "math500",
      "dataset_name": "Math500",
      "num_prompts": 12,
      "num_ok": 12,
      "num_error": 0,
      "total_elapsed_sec": 71.39036486006808,
      "total_output_tokens": 6144,
      "time_per_output_token": 0.011619525530610039,
      "tokens_per_second": 86.06203388990694,
      "speedup_vs_baseline": null
    },
    {
      "method": "baseline",
      "dataset": "aime24",
      "dataset_name": "AIME24",
      "num_prompts": 12,
      "num_ok": 12,
      "num_error": 0,
      "total_elapsed_sec": 71.43149346904829,
      "total_output_tokens": 6144,
      "time_per_output_token": 0.011626219640144578,
      "tokens_per_second": 86.01248135267161,
      "speedup_vs_baseline": null
    },
    {
      "method": "baseline",
      "dataset": "aime25",
      "dataset_name": "AIME25",
      "num_prompts": 12,
      "num_ok": 12,
      "num_error": 0,
      "total_elapsed_sec": 69.43907023011707,
      "total_output_tokens": 6003,
      "time_per_output_token": 0.011567394674349004,
      "tokens_per_second": 86.44989024343795,
      "speedup_vs_baseline": null
    },
    {
      "method": "baseline",
      "dataset": "alpaca",
      "dataset_name": "Alpaca",
      "num_prompts": 12,
      "num_ok": 12,
      "num_error": 0,
      "total_elapsed_sec": 71.28177917096764,
      "total_output_tokens": 6144,
      "time_per_output_token": 0.011601852078608013,
      "tokens_per_second": 86.19313478783636,
      "speedup_vs_baseline": null
    },
    {
      "method": "dflash",
      "dataset": "gsm8k",
      "dataset_name": "GSM8K",
      "num_prompts": 12,
      "num_ok": 12,
      "num_error": 0,
      "total_elapsed_sec": 98.72700124396943,
      "total_output_tokens": 6144,
      "time_per_output_token": 0.016068847858718982,
      "tokens_per_second": 62.2322153269625,
      "speedup_vs_baseline": 0.7212046302599384
    },
    {
      "method": "dflash",
      "dataset": "math500",
      "dataset_name": "Math500",
      "num_prompts": 12,
      "num_ok": 12,
      "num_error": 0,
      "total_elapsed_sec": 105.49994363507722,
      "total_output_tokens": 6144,
      "time_per_output_token": 0.017171214784355016,
      "tokens_per_second": 58.23699793861509,
      "speedup_vs_baseline": 0.6766862843738223
    },
    {
      "method": "dflash",
      "dataset": "aime24",
      "dataset_name": "AIME24",
      "num_prompts": 12,
      "num_ok": 12,
      "num_error": 0,
      "total_elapsed_sec": 98.26741231093183,
      "total_output_tokens": 6144,
      "time_per_output_token": 0.015994044972482396,
      "tokens_per_second": 62.523270487265144,
      "speedup_vs_baseline": 0.7269092753051138
    },
    {
      "method": "dflash",
      "dataset": "aime25",
      "dataset_name": "AIME25",
      "num_prompts": 12,
      "num_ok": 12,
      "num_error": 0,
      "total_elapsed_sec": 98.60868330183439,
      "total_output_tokens": 6003,
      "time_per_output_token": 0.016426567266672396,
      "tokens_per_second": 60.87699175158064,
      "speedup_vs_baseline": 0.7041881901776221
    },
    {
      "method": "dflash",
      "dataset": "alpaca",
      "dataset_name": "Alpaca",
      "num_prompts": 12,
      "num_ok": 12,
      "num_error": 0,
      "total_elapsed_sec": 98.8505904476624,
      "total_output_tokens": 6144,
      "time_per_output_token": 0.016088963289007552,
      "tokens_per_second": 62.1544087109223,
      "speedup_vs_baseline": 0.7211062558974658
    }
  ]
}