{
  "config": {
    "target_model": "Qwen/Qwen3-4B",
    "draft_model": "z-lab/Qwen3-4B-DFlash-b16",
    "dataset": "gsm8k",
    "block_size": 16,
    "max_new_tokens": 256,
    "warmup": 1,
    "num_samples": 4,
    "measured_samples": 3,
    "refinement_steps_tested": [
      0,
      1,
      2,
      3
    ]
  },
  "baseline_tpot_ms": 10.825659517403116,
  "results_by_k": {
    "0": {
      "tau": 6.175438596491228,
      "avg_tpot_ms": 2.7554601215721983,
      "tps": 362.91579477819636,
      "speedup": 3.9288028277564977,
      "total_drafts": 114,
      "pos_rates": [
        1.0,
        0.8859649122807017,
        0.7543859649122807,
        0.6403508771929824,
        0.5087719298245614,
        0.45614035087719296,
        0.3684210526315789,
        0.3157894736842105,
        0.2543859649122807,
        0.21929824561403508,
        0.20175438596491227,
        0.17543859649122806,
        0.12280701754385964,
        0.11403508771929824,
        0.08771929824561403,
        0.07017543859649122
      ],
      "avg_draft_ms": 2.7145231183487595,
      "avg_verify_ms": 10.516986167140043,
      "avg_refine_ms": []
    },
    "1": {
      "tau": 2.4788732394366195,
      "avg_tpot_ms": 7.948344228698308,
      "tps": 125.81236685615576,
      "speedup": 1.362001846663355,
      "total_drafts": 284,
      "pos_rates": [
        1.0,
        0.5422535211267606,
        0.352112676056338,
        0.23591549295774647,
        0.14788732394366197,
        0.09859154929577464,
        0.056338028169014086,
        0.03169014084507042,
        0.014084507042253521,
        0.0,
        0.0,
        0.0,
        0.0,
        0.0,
        0.0,
        0.0
      ],
      "avg_draft_ms": 2.7066447967204303,
      "avg_verify_ms": 10.480380956490169,
      "avg_refine_ms": [
        2.6661735634699886
      ]
    },
    "2": {
      "tau": 2.5693430656934306,
      "avg_tpot_ms": 8.889331238827575,
      "tps": 112.49440178718004,
      "speedup": 1.2178260913619556,
      "total_drafts": 274,
      "pos_rates": [
        1.0,
        0.583941605839416,
        0.40145985401459855,
        0.2737226277372263,
        0.16423357664233576,
        0.08029197080291971,
        0.040145985401459854,
        0.01824817518248175,
        0.0072992700729927005,
        0.0,
        0.0,
        0.0,
        0.0,
        0.0,
        0.0,
        0.0
      ],
      "avg_draft_ms": 2.736659372993575,
      "avg_verify_ms": 10.374947745067468,
      "avg_refine_ms": [
        2.655463752058083,
        2.709368215771868
      ]
    },
    "3": {
      "tau": 2.5142857142857142,
      "avg_tpot_ms": 10.272528571179054,
      "tps": 97.34701569053146,
      "speedup": 1.0538456469009925,
      "total_drafts": 280,
      "pos_rates": [
        1.0,
        0.55,
        0.37142857142857144,
        0.26785714285714285,
        0.16071428571428573,
        0.08214285714285714,
        0.05714285714285714,
        0.014285714285714285,
        0.010714285714285714,
        0.0,
        0.0,
        0.0,
        0.0,
        0.0,
        0.0,
        0.0
      ],
      "avg_draft_ms": 2.647169979588528,
      "avg_verify_ms": 10.326122325412662,
      "avg_refine_ms": [
        2.6316912670154124,
        2.6306201811946397,
        2.6305051088067035
      ]
    }
  }
}