{
  "config": {
    "target_model": "Qwen/Qwen3-4B",
    "draft_model": "z-lab/Qwen3-4B-DFlash-b16",
    "dataset": "gsm8k",
    "block_size": 16,
    "max_new_tokens": 256,
    "max_model_len": 2048,
    "temperature": 0.0,
    "warmup_samples": 1,
    "measured_samples": 7,
    "total_samples": 8,
    "num_devices": 1
  },
  "summary": {
    "baseline_tpot_ms": 10.748369443153551,
    "baseline_tps": 93.03736769459256,
    "dflash_tpot_ms": 3.2025937127367587,
    "dflash_tps": 312.2469128765808,
    "speedup": 3.35614517708167,
    "tau": 5.165680473372781,
    "total_drafts": 338,
    "acceptance_rate_per_pos": [
      1.0,
      0.849112426035503,
      0.6834319526627219,
      0.5473372781065089,
      0.4171597633136095,
      0.3520710059171598,
      0.28106508875739644,
      0.23372781065088757,
      0.1834319526627219,
      0.14201183431952663,
      0.12130177514792899,
      0.10946745562130178,
      0.07692307692307693,
      0.06804733727810651,
      0.05621301775147929,
      0.04437869822485207
    ],
    "acceptance_histogram": [
      0.0,
      0.15088757396449703,
      0.16568047337278108,
      0.13609467455621302,
      0.1301775147928994,
      0.0650887573964497,
      0.07100591715976332,
      0.047337278106508875,
      0.05029585798816568,
      0.04142011834319527,
      0.020710059171597635,
      0.011834319526627219,
      0.03254437869822485,
      0.008875739644970414,
      0.011834319526627219,
      0.011834319526627219,
      0.04437869822485207
    ]
  },
  "per_sample": [
    {
      "sample_index": 0,
      "is_warmup": true,
      "num_input_tokens": 66,
      "baseline_num_output_tokens": 256,
      "baseline_tpot_ms": 25.779043183774775,
      "baseline_tps": 38.79119922609835,
      "dflash_num_output_tokens": 256,
      "dflash_tpot_ms": 31.64398774970323,
      "dflash_tps": 31.60157967161956,
      "tau": 8.548387096774194,
      "num_drafts": 31,
      "acceptance_lengths": [
        5,
        5,
        2,
        16,
        16,
        16,
        3,
        2,
        6,
        2,
        3,
        7,
        15,
        2,
        8,
        16,
        2,
        5,
        5,
        16,
        16,
        11,
        10,
        4,
        16,
        16,
        12,
        8,
        1,
        5,
        14
      ]
    },
    {
      "sample_index": 1,
      "is_warmup": false,
      "num_input_tokens": 132,
      "baseline_num_output_tokens": 256,
      "baseline_tpot_ms": 10.768822144200385,
      "baseline_tps": 92.86066633931327,
      "dflash_num_output_tokens": 256,
      "dflash_tpot_ms": 3.692883593885199,
      "dflash_tps": 270.7910971404118,
      "tau": 4.923076923076923,
      "num_drafts": 52,
      "acceptance_lengths": [
        4,
        2,
        2,
        3,
        6,
        2,
        4,
        4,
        2,
        1,
        1,
        7,
        8,
        4,
        2,
        4,
        16,
        13,
        4,
        3,
        3,
        1,
        3,
        9,
        1,
        6,
        16,
        12,
        8,
        3,
        8,
        6,
        10,
        3,
        2,
        1,
        10,
        9,
        3,
        1,
        2,
        6,
        4,
        2,
        9,
        6,
        5,
        2,
        4,
        2,
        4,
        3
      ]
    },
    {
      "sample_index": 2,
      "is_warmup": false,
      "num_input_tokens": 70,
      "baseline_num_output_tokens": 247,
      "baseline_tpot_ms": 10.772284323930258,
      "baseline_tps": 92.83082120089743,
      "dflash_num_output_tokens": 207,
      "dflash_tpot_ms": 2.34426219344751,
      "dflash_tps": 426.57344506733006,
      "tau": 6.933333333333334,
      "num_drafts": 30,
      "acceptance_lengths": [
        4,
        2,
        14,
        16,
        5,
        8,
        8,
        4,
        12,
        1,
        1,
        1,
        8,
        11,
        7,
        11,
        1,
        6,
        1,
        15,
        6,
        15,
        1,
        7,
        3,
        6,
        8,
        5,
        9,
        12
      ]
    },
    {
      "sample_index": 3,
      "is_warmup": false,
      "num_input_tokens": 91,
      "baseline_num_output_tokens": 239,
      "baseline_tpot_ms": 10.714379485567962,
      "baseline_tps": 93.33251648842365,
      "dflash_num_output_tokens": 239,
      "dflash_tpot_ms": 2.1514602173041846,
      "dflash_tps": 464.80060005618725,
      "tau": 7.5,
      "num_drafts": 32,
      "acceptance_lengths": [
        6,
        7,
        5,
        14,
        16,
        4,
        6,
        12,
        3,
        1,
        4,
        16,
        2,
        3,
        2,
        12,
        7,
        2,
        12,
        4,
        2,
        16,
        16,
        5,
        4,
        11,
        14,
        16,
        3,
        7,
        3,
        5
      ]
    },
    {
      "sample_index": 4,
      "is_warmup": false,
      "num_input_tokens": 123,
      "baseline_num_output_tokens": 256,
      "baseline_tpot_ms": 10.693100120988674,
      "baseline_tps": 93.51824902837821,
      "dflash_num_output_tokens": 256,
      "dflash_tpot_ms": 3.801183078394388,
      "dflash_tps": 263.07598960016367,
      "tau": 4.19672131147541,
      "num_drafts": 61,
      "acceptance_lengths": [
        5,
        4,
        3,
        1,
        1,
        2,
        3,
        4,
        1,
        1,
        2,
        4,
        2,
        4,
        12,
        4,
        1,
        5,
        4,
        1,
        3,
        1,
        5,
        3,
        6,
        1,
        4,
        2,
        3,
        1,
        1,
        5,
        2,
        1,
        2,
        2,
        6,
        7,
        16,
        12,
        2,
        2,
        6,
        4,
        10,
        2,
        1,
        12,
        16,
        10,
        6,
        4,
        6,
        4,
        2,
        2,
        3,
        7,
        3,
        1,
        6
      ]
    },
    {
      "sample_index": 5,
      "is_warmup": false,
      "num_input_tokens": 139,
      "baseline_num_output_tokens": 256,
      "baseline_tpot_ms": 10.883926742280892,
      "baseline_tps": 91.87860444845616,
      "dflash_num_output_tokens": 256,
      "dflash_tpot_ms": 4.745972753880778,
      "dflash_tps": 210.70496015433312,
      "tau": 3.547945205479452,
      "num_drafts": 73,
      "acceptance_lengths": [
        6,
        3,
        1,
        4,
        3,
        1,
        4,
        6,
        3,
        2,
        2,
        2,
        1,
        2,
        3,
        2,
        8,
        1,
        2,
        7,
        2,
        3,
        4,
        1,
        4,
        2,
        3,
        3,
        1,
        2,
        5,
        1,
        2,
        1,
        1,
        1,
        2,
        6,
        9,
        2,
        11,
        1,
        1,
        3,
        4,
        7,
        1,
        4,
        1,
        6,
        10,
        2,
        1,
        4,
        2,
        4,
        10,
        4,
        1,
        2,
        2,
        3,
        8,
        13,
        3,
        9,
        9,
        2,
        1,
        4,
        1,
        2,
        5
      ]
    },
    {
      "sample_index": 6,
      "is_warmup": false,
      "num_input_tokens": 134,
      "baseline_num_output_tokens": 256,
      "baseline_tpot_ms": 10.668895199160033,
      "baseline_tps": 93.73041737992988,
      "dflash_num_output_tokens": 256,
      "dflash_tpot_ms": 2.867780589895119,
      "dflash_tps": 348.70171153385627,
      "tau": 5.955555555555556,
      "num_drafts": 45,