{
  "config": {
    "target_model": "Qwen/Qwen3-4B",
    "draft_model": "z-lab/Qwen3-4B-DFlash-b16",
    "dataset": "aime25",
    "block_size": 16,
    "max_new_tokens": 256,
    "max_model_len": 2048,
    "temperature": 0.0,
    "warmup_samples": 1,
    "measured_samples": 7,
    "total_samples": 8,
    "num_devices": 1
  },
  "summary": {
    "baseline_tpot_ms": 10.743688793549413,
    "baseline_tps": 93.07790082307737,
    "dflash_tpot_ms": 2.571260114889031,
    "dflash_tps": 388.9143670099505,
    "speedup": 4.178374926495169,
    "tau": 6.482142857142857,
    "total_drafts": 280,
    "acceptance_rate_per_pos": [
      1.0,
      0.8857142857142857,
      0.75,
      0.6285714285714286,
      0.5321428571428571,
      0.45714285714285713,
      0.3964285714285714,
      0.33214285714285713,
      0.28214285714285714,
      0.2642857142857143,
      0.2392857142857143,
      0.20357142857142857,
      0.16428571428571428,
      0.1357142857142857,
      0.11428571428571428,
      0.09642857142857143
    ],
    "acceptance_histogram": [
      0.0,
      0.11428571428571428,
      0.1357142857142857,
      0.12142857142857143,
      0.09642857142857143,
      0.075,
      0.060714285714285714,
      0.06428571428571428,
      0.05,
      0.017857142857142856,
      0.025,
      0.03571428571428571,
      0.039285714285714285,
      0.02857142857142857,
      0.02142857142857143,
      0.017857142857142856,
      0.09642857142857143
    ]
  },
  "per_sample": [
    {
      "sample_index": 0,
      "is_warmup": true,
      "num_input_tokens": 108,
      "baseline_num_output_tokens": 256,
      "baseline_tpot_ms": 25.523881215121946,
      "baseline_tps": 39.17899443159676,
      "dflash_num_output_tokens": 256,
      "dflash_tpot_ms": 24.95020584365193,
      "dflash_tps": 40.07982965216416,
      "tau": 6.45,
      "num_drafts": 40,
      "acceptance_lengths": [
        3,
        16,
        16,
        8,
        5,
        13,
        12,
        16,
        7,
        2,
        2,
        16,
        16,
        10,
        5,
        3,
        5,
        2,
        5,
        4,
        5,
        4,
        5,
        3,
        5,
        4,
        4,
        2,
        11,
        7,
        3,
        2,
        1,
        3,
        3,
        2,
        1,
        16,
        6,
        5
      ]
    },
    {
      "sample_index": 1,
      "is_warmup": false,
      "num_input_tokens": 60,
      "baseline_num_output_tokens": 256,
      "baseline_tpot_ms": 10.757997144537512,
      "baseline_tps": 92.95410535666117,
      "dflash_num_output_tokens": 256,
      "dflash_tpot_ms": 2.074889335744956,
      "dflash_tps": 481.95341446533865,
      "tau": 8.8,
      "num_drafts": 30,
      "acceptance_lengths": [
        4,
        7,
        6,
        16,
        14,
        5,
        5,
        16,
        16,
        16,
        11,
        16,
        2,
        6,
        7,
        7,
        13,
        2,
        12,
        11,
        11,
        1,
        8,
        4,
        16,
        7,
        3,
        3,
        6,
        13
      ]
    },
    {
      "sample_index": 2,
      "is_warmup": false,
      "num_input_tokens": 140,
      "baseline_num_output_tokens": 256,
      "baseline_tpot_ms": 10.956784394693386,
      "baseline_tps": 91.26765335314275,
      "dflash_num_output_tokens": 256,
      "dflash_tpot_ms": 2.2618028747274366,
      "dflash_tps": 442.1251786234939,
      "tau": 7.757575757575758,
      "num_drafts": 33,
      "acceptance_lengths": [
        7,
        3,
        5,
        12,
        15,
        16,
        4,
        9,
        14,
        10,
        4,
        2,
        2,
        6,
        16,
        5,
        16,
        3,
        10,
        16,
        5,
        16,
        6,
        1,
        2,
        8,
        10,
        8,
        2,
        2,
        2,
        3,
        16
      ]
    },
    {
      "sample_index": 3,
      "is_warmup": false,
      "num_input_tokens": 83,
      "baseline_num_output_tokens": 256,
      "baseline_tpot_ms": 10.631775363435736,
      "baseline_tps": 94.05766824599675,
      "dflash_num_output_tokens": 256,
      "dflash_tpot_ms": 3.4992279884136224,
      "dflash_tps": 285.7773209722613,
      "tau": 4.7272727272727275,
      "num_drafts": 55,
      "acceptance_lengths": [
        12,
        8,
        5,
        6,
        11,
        6,
        4,
        4,
        1,
        1,
        6,
        6,
        3,
        2,
        2,
        13,
        2,
        13,
        2,
        12,
        7,
        1,
        1,
        8,
        4,
        1,
        2,
        2,
        1,
        5,
        5,
        3,
        2,
        4,
        4,
        5,
        8,
        3,
        1,
        3,
        3,
        2,
        2,
        8,
        6,
        3,
        16,
        9,
        2,
        4,
        1,
        1,
        3,
        3,
        8
      ]
    },
    {
      "sample_index": 4,
      "is_warmup": false,
      "num_input_tokens": 94,
      "baseline_num_output_tokens": 256,
      "baseline_tpot_ms": 10.696225234369194,
      "baseline_tps": 93.49092582556996,
      "dflash_num_output_tokens": 256,
      "dflash_tpot_ms": 2.761369859399565,
      "dflash_tps": 362.1391015752743,
      "tau": 5.954545454545454,
      "num_drafts": 44,
      "acceptance_lengths": [
        3,
        6,
        12,
        2,
        3,
        4,
        12,
        7,
        2,
        1,
        3,
        3,
        7,
        1,
        5,
        4,
        1,
        3,
        4,
        2,
        16,
        5,
        7,
        6,
        1,
        2,
        4,
        3,
        3,
        7,
        14,
        7,
        10,
        2,
        2,
        8,
        13,
        10,
        7,
        11,
        12,
        9,
        3,
        15
      ]
    },
    {
      "sample_index": 5,
      "is_warmup": false,
      "num_input_tokens": 319,
      "baseline_num_output_tokens": 256,
      "baseline_tpot_ms": 10.818553507760953,
      "baseline_tps": 92.43379896236827,
      "dflash_num_output_tokens": 256,
      "dflash_tpot_ms": 3.7032310938229784,
      "dflash_tps": 270.0344576572628,
      "tau": 4.338983050847458,
      "num_drafts": 59,
      "acceptance_lengths": [
        4,
        9,
        2,
        1,
        1,
        1,
        5,
        1,
        12,
        6,
        5,
        2,
        7,
        2,
        4,
        6,
        11,
        6,
        3,
        1,
        2,
        5,
        1,
        1,
        4,
        1,
        4,
        3,
        4,
        1,
        1,
        2,
        1,
        4,
        13,
        3,
        3,
        6,
        3,
        4,
        4,
        2,
        7,
        16,
        5,
        7,
        8,
        1,
        4,
        3,
        7,
        4,
        3,
        3,
        1,
        9,
        2,
        1,
        14
      ]
    },
    {
      "sample_index": 6,
      "is_warmup": false,
      "num_input_tokens": 108,
      "baseline_num_output_tokens": 256,
      "baseline_tpot_ms": 10.685852816550323,
      "baseline_tps": 93.5816744968818,
      "dflash_num_output_tokens": 256,
      "dflash_tpot_ms": 1.8315384609195462,
      "dflash_tps": 545.9890804028968,
      "tau": 8.827586206896552,
      "num_drafts": 29,
      "acceptance_lengths": [
        7,
        15,
        4,
        5,
        11,
        3,
        12,
        16,
        5,
        2,
        16,
        16,
        8,
        2,
        2,
        16,
        16,
        3,
        5,
        6,
        15,
        11,
        1,
        13,
        5,
        16,
        12,
        8,
        5
      ]
    },
    {
      "sample_index": 7,
      "is_warmup": false,
      "num_input_tokens": 118,
      "baseline_num_output_tokens": 256,
      "baseline_tpot_ms": 10.658633093498793,
      "baseline_tps": 93.82066079467053,