{
  "config": {
    "target_model": "Qwen/Qwen3-4B",
    "draft_model": "z-lab/Qwen3-4B-DFlash-b16",
    "dataset": "aime24",
    "block_size": 16,
    "max_new_tokens": 256,
    "max_model_len": 2048,
    "temperature": 0.0,
    "warmup_samples": 1,
    "measured_samples": 7,
    "total_samples": 8,
    "num_devices": 1
  },
  "summary": {
    "baseline_tpot_ms": 10.68074552962831,
    "baseline_tps": 93.62642310183381,
    "dflash_tpot_ms": 2.7197176400477474,
    "dflash_tps": 367.6852277880008,
    "speedup": 3.927152353007056,
    "tau": 6.317241379310345,
    "total_drafts": 290,
    "acceptance_rate_per_pos": [
      1.0,
      0.8655172413793103,
      0.7172413793103448,
      0.6068965517241379,
      0.4862068965517241,
      0.4206896551724138,
      0.3793103448275862,
      0.3275862068965517,
      0.2793103448275862,
      0.25517241379310346,
      0.23103448275862068,
      0.2,
      0.1724137931034483,
      0.1482758620689655,
      0.1206896551724138,
      0.10689655172413794
    ],
    "acceptance_histogram": [
      0.0,
      0.13448275862068965,
      0.1482758620689655,
      0.1103448275862069,
      0.1206896551724138,
      0.06551724137931035,
      0.041379310344827586,
      0.05172413793103448,
      0.04827586206896552,
      0.02413793103448276,
      0.02413793103448276,
      0.03103448275862069,
      0.027586206896551724,
      0.02413793103448276,
      0.027586206896551724,
      0.013793103448275862,
      0.10689655172413794
    ]
  },
  "per_sample": [
    {
      "sample_index": 0,
      "is_warmup": true,
      "num_input_tokens": 128,
      "baseline_num_output_tokens": 256,
      "baseline_tpot_ms": 25.775024355425558,
      "baseline_tps": 38.797247529642135,
      "dflash_num_output_tokens": 256,
      "dflash_tpot_ms": 26.403019886856782,
      "dflash_tps": 37.87445543294812,
      "tau": 4.338983050847458,
      "num_drafts": 59,
      "acceptance_lengths": [
        3,
        3,
        8,
        6,
        3,
        9,
        5,
        1,
        12,
        1,
        1,
        2,
        9,
        6,
        2,
        1,
        4,
        4,
        16,
        16,
        10,
        3,
        1,
        4,
        1,
        5,
        1,
        5,
        15,
        2,
        1,
        1,
        3,
        2,
        16,
        2,
        3,
        2,
        3,
        10,
        9,
        1,
        1,
        1,
        3,
        5,
        2,
        2,
        3,
        4,
        3,
        1,
        4,
        1,
        2,
        1,
        7,
        2,
        2
      ]
    },
    {
      "sample_index": 1,
      "is_warmup": false,
      "num_input_tokens": 80,
      "baseline_num_output_tokens": 256,
      "baseline_tpot_ms": 10.587465168100607,
      "baseline_tps": 94.4513142780332,
      "dflash_num_output_tokens": 256,
      "dflash_tpot_ms": 3.375873937329743,
      "dflash_tps": 296.2195918935831,
      "tau": 5.760869565217392,
      "num_drafts": 46,
      "acceptance_lengths": [
        7,
        11,
        8,
        12,
        16,
        14,
        16,
        2,
        8,
        16,
        7,
        3,
        2,
        2,
        3,
        8,
        5,
        3,
        2,
        1,
        1,
        3,
        4,
        2,
        4,
        2,
        5,
        14,
        14,
        4,
        5,
        5,
        2,
        1,
        2,
        5,
        1,
        3,
        1,
        4,
        1,
        2,
        1,
        4,
        13,
        16
      ]
    },
    {
      "sample_index": 2,
      "is_warmup": false,
      "num_input_tokens": 77,
      "baseline_num_output_tokens": 256,
      "baseline_tpot_ms": 10.755222148418397,
      "baseline_tps": 92.9780888019179,
      "dflash_num_output_tokens": 256,
      "dflash_tpot_ms": 1.6536892617295962,
      "dflash_tps": 604.7085284656795,
      "tau": 9.846153846153847,
      "num_drafts": 26,
      "acceptance_lengths": [
        4,
        1,
        1,
        4,
        5,
        10,
        11,
        13,
        16,
        4,
        7,
        16,
        12,
        4,
        12,
        15,
        16,
        16,
        13,
        14,
        16,
        14,
        7,
        6,
        16,
        3
      ]
    },
    {
      "sample_index": 3,
      "is_warmup": false,
      "num_input_tokens": 89,
      "baseline_num_output_tokens": 256,
      "baseline_tpot_ms": 10.787052574414702,
      "baseline_tps": 92.7037291328173,
      "dflash_num_output_tokens": 256,
      "dflash_tpot_ms": 3.3379050778421515,
      "dflash_tps": 299.5891065441765,
      "tau": 4.961538461538462,
      "num_drafts": 52,
      "acceptance_lengths": [
        8,
        9,
        11,
        2,
        4,
        3,
        3,
        4,
        1,
        2,
        2,
        1,
        2,
        12,
        16,
        14,
        16,
        4,
        15,
        2,
        4,
        3,
        3,
        16,
        10,
        2,
        7,
        5,
        8,
        1,
        6,
        4,
        4,
        1,
        2,
        3,
        1,
        2,
        4,
        1,
        1,
        5,
        1,
        2,
        1,
        3,
        7,
        4,
        2,
        5,
        2,
        7
      ]
    },
    {
      "sample_index": 4,
      "is_warmup": false,
      "num_input_tokens": 171,
      "baseline_num_output_tokens": 256,
      "baseline_tpot_ms": 10.661225086096238,
      "baseline_tps": 93.79785080273214,
      "dflash_num_output_tokens": 256,
      "dflash_tpot_ms": 1.9315615782034001,
      "dflash_tps": 517.7158270719633,
      "tau": 8.741935483870968,
      "num_drafts": 31,
      "acceptance_lengths": [
        3,
        5,
        2,
        11,
        13,
        16,
        16,
        16,
        16,
        16,
        11,
        6,
        6,
        12,
        8,
        9,
        3,
        4,
        5,
        3,
        2,
        2,
        13,
        6,
        5,
        3,
        2,
        16,
        9,
        16,
        16
      ]
    },
    {
      "sample_index": 5,
      "is_warmup": false,
      "num_input_tokens": 103,
      "baseline_num_output_tokens": 256,
      "baseline_tpot_ms": 10.605794191178575,
      "baseline_tps": 94.28808271913812,
      "dflash_num_output_tokens": 256,
      "dflash_tpot_ms": 2.6811763086698193,
      "dflash_tps": 372.9706236648489,
      "tau": 5.953488372093023,
      "num_drafts": 43,
      "acceptance_lengths": [
        8,
        10,
        3,
        1,
        7,
        6,
        2,
        16,
        11,
        7,
        13,
        10,
        4,
        8,
        3,
        1,
        1,
        4,
        2,
        1,
        4,
        12,
        6,
        4,
        6,
        4,
        10,
        9,
        10,
        1,
        1,
        7,
        4,
        5,
        12,
        11,
        1,
        1,
        2,
        7,
        8,
        4,
        9
      ]
    },
    {
      "sample_index": 6,
      "is_warmup": false,
      "num_input_tokens": 179,
      "baseline_num_output_tokens": 256,
      "baseline_tpot_ms": 10.584681652289873,
      "baseline_tps": 94.4761526940833,
      "dflash_num_output_tokens": 256,
      "dflash_tpot_ms": 1.9148202459291497,
      "dflash_tps": 522.2422324633187,
      "tau": 8.966666666666667,
      "num_drafts": 30,
      "acceptance_lengths": [
        4,
        14,
        16,
        16,
        13,
        16,
        9,
        2,
        2,
        7,
        8,
        7,
        8,
        4,
        11,
        10,
        3,
        5,
        16,
        2,
        15,
        14,
        12,
        3,
        2,
        8,
        2,
        8,
        16,
        16
      ]
    },
    {
      "sample_index": 7,
      "is_warmup": false,
      "num_input_tokens": 206,
      "baseline_num_output_tokens": 256,
      "baseline_tpot_ms": 10.78377788689977,